2025-11-15 21:32:37 INFO  [restartedMain] c.e.apigerman.ApigermanApplication - Starting ApigermanApplication using Java 17.0.12 with PID 5580 (D:\Neo-Data\Rrom-Botto\E-studio\Uni\Neo-TESTING\Semestre 7\Sistemas Web y Distribuidos\Laboratorio\Entrega#3\apigerman\target\classes started by Usuario in D:\Neo-Data\Rrom-Botto\E-studio\Uni\Neo-TESTING\Semestre 7\Sistemas Web y Distribuidos\Laboratorio\Entrega#3\apigerman)
2025-11-15 21:32:37 DEBUG [restartedMain] c.e.apigerman.ApigermanApplication - Running with Spring Boot v3.5.7, Spring v6.2.12
2025-11-15 21:32:37 INFO  [restartedMain] c.e.apigerman.ApigermanApplication - No active profile set, falling back to 1 default profile: "default"
2025-11-15 21:32:37 INFO  [restartedMain] o.s.b.d.e.DevToolsPropertyDefaultsPostProcessor - Devtools property defaults active! Set 'spring.devtools.add-properties' to 'false' to disable
2025-11-15 21:32:37 INFO  [restartedMain] o.s.b.d.e.DevToolsPropertyDefaultsPostProcessor - For additional web related logging consider setting the 'logging.level.web' property to 'DEBUG'
2025-11-15 21:32:39 INFO  [restartedMain] o.s.d.r.c.RepositoryConfigurationDelegate - Bootstrapping Spring Data JPA repositories in DEFAULT mode.
2025-11-15 21:32:39 INFO  [restartedMain] o.s.d.r.c.RepositoryConfigurationDelegate - Finished Spring Data repository scanning in 161 ms. Found 12 JPA repository interfaces.
2025-11-15 21:32:41 INFO  [restartedMain] o.s.b.w.e.tomcat.TomcatWebServer - Tomcat initialized with port 8080 (http)
2025-11-15 21:32:41 INFO  [restartedMain] o.a.coyote.http11.Http11NioProtocol - Initializing ProtocolHandler ["http-nio-8080"]
2025-11-15 21:32:41 INFO  [restartedMain] o.a.catalina.core.StandardService - Starting service [Tomcat]
2025-11-15 21:32:41 INFO  [restartedMain] o.a.catalina.core.StandardEngine - Starting Servlet engine: [Apache Tomcat/10.1.48]
2025-11-15 21:32:41 INFO  [restartedMain] o.a.c.c.C.[Tomcat].[localhost].[/] - Initializing Spring embedded WebApplicationContext
2025-11-15 21:32:41 INFO  [restartedMain] o.s.b.w.s.c.ServletWebServerApplicationContext - Root WebApplicationContext: initialization completed in 3902 ms
2025-11-15 21:32:41 INFO  [restartedMain] com.zaxxer.hikari.HikariDataSource - HikariPool-1 - Starting...
2025-11-15 21:32:44 INFO  [restartedMain] com.zaxxer.hikari.pool.HikariPool - HikariPool-1 - Added connection org.postgresql.jdbc.PgConnection@39cdc787
2025-11-15 21:32:44 INFO  [restartedMain] com.zaxxer.hikari.HikariDataSource - HikariPool-1 - Start completed.
2025-11-15 21:32:44 INFO  [restartedMain] o.h.jpa.internal.util.LogHelper - HHH000204: Processing PersistenceUnitInfo [name: default]
2025-11-15 21:32:44 INFO  [restartedMain] org.hibernate.Version - HHH000412: Hibernate ORM core version 6.6.33.Final
2025-11-15 21:32:44 INFO  [restartedMain] o.h.c.i.RegionFactoryInitiator - HHH000026: Second-level cache disabled
2025-11-15 21:32:45 INFO  [restartedMain] o.s.o.j.p.SpringPersistenceUnitInfo - No LoadTimeWeaver setup: ignoring JPA class transformer
2025-11-15 21:32:46 INFO  [restartedMain] o.hibernate.orm.connections.pooling - HHH10001005: Database info:
	Database JDBC URL [Connecting through datasource 'HikariDataSource (HikariPool-1)']
	Database driver: undefined/unknown
	Database version: 17.6
	Autocommit mode: undefined/unknown
	Isolation level: undefined/unknown
	Minimum pool size: undefined/unknown
	Maximum pool size: undefined/unknown
2025-11-15 21:32:48 INFO  [restartedMain] o.h.e.t.j.p.i.JtaPlatformInitiator - HHH000489: No JTA platform available (set 'hibernate.transaction.jta.platform' to enable JTA platform integration)
2025-11-15 21:32:48 INFO  [restartedMain] o.s.o.j.LocalContainerEntityManagerFactoryBean - Initialized JPA EntityManagerFactory for persistence unit 'default'
2025-11-15 21:32:49 WARN  [restartedMain] o.s.b.a.o.j.JpaBaseConfiguration$JpaWebConfiguration - spring.jpa.open-in-view is enabled by default. Therefore, database queries may be performed during view rendering. Explicitly configure spring.jpa.open-in-view to disable this warning
2025-11-15 21:32:49 INFO  [restartedMain] o.s.v.b.OptionalValidatorFactoryBean - Failed to set up a Bean Validation provider: jakarta.validation.NoProviderFoundException: Unable to create a Configuration, because no Jakarta Bean Validation provider could be found. Add a provider like Hibernate Validator (RI) to your classpath.
2025-11-15 21:32:49 INFO  [restartedMain] o.s.b.d.a.OptionalLiveReloadServer - LiveReload server is running on port 35729
2025-11-15 21:32:49 INFO  [restartedMain] o.a.coyote.http11.Http11NioProtocol - Starting ProtocolHandler ["http-nio-8080"]
2025-11-15 21:32:49 INFO  [restartedMain] o.s.b.w.e.tomcat.TomcatWebServer - Tomcat started on port 8080 (http) with context path '/'
2025-11-15 21:32:49 INFO  [restartedMain] c.e.apigerman.ApigermanApplication - Started ApigermanApplication in 13.65 seconds (process running for 15.169)
2025-11-15 21:33:04 INFO  [http-nio-8080-exec-1] o.a.c.c.C.[Tomcat].[localhost].[/] - Initializing Spring DispatcherServlet 'dispatcherServlet'
2025-11-15 21:33:04 INFO  [http-nio-8080-exec-1] o.s.web.servlet.DispatcherServlet - Initializing Servlet 'dispatcherServlet'
2025-11-15 21:33:04 INFO  [http-nio-8080-exec-1] o.s.web.servlet.DispatcherServlet - Completed initialization in 1 ms
2025-11-15 21:33:06 INFO  [http-nio-8080-exec-4] o.s.api.AbstractOpenApiResource - Init duration for springdoc-openapi is: 979 ms
2025-11-15 21:33:29 INFO  [File Watcher] o.s.b.d.a.LocalDevToolsAutoConfiguration$RestartingClassPathChangeChangedEventListener - Restarting due to 4 class path changes (2 additions, 0 deletions, 2 modifications)
2025-11-15 21:33:29 INFO  [Thread-5] o.s.b.w.e.tomcat.GracefulShutdown - Commencing graceful shutdown. Waiting for active requests to complete
2025-11-15 21:33:29 INFO  [tomcat-shutdown] o.a.coyote.http11.Http11NioProtocol - Pausing ProtocolHandler ["http-nio-8080"]
2025-11-15 21:33:29 INFO  [tomcat-shutdown] o.s.b.w.e.tomcat.GracefulShutdown - Graceful shutdown complete
2025-11-15 21:33:29 INFO  [Thread-5] o.a.coyote.http11.Http11NioProtocol - Stopping ProtocolHandler ["http-nio-8080"]
2025-11-15 21:33:29 INFO  [Thread-5] o.s.o.j.LocalContainerEntityManagerFactoryBean - Closing JPA EntityManagerFactory for persistence unit 'default'
2025-11-15 21:33:29 INFO  [Thread-5] com.zaxxer.hikari.HikariDataSource - HikariPool-1 - Shutdown initiated...
2025-11-15 21:33:31 INFO  [Thread-5] com.zaxxer.hikari.HikariDataSource - HikariPool-1 - Shutdown completed.
2025-11-15 21:33:32 INFO  [restartedMain] c.e.apigerman.ApigermanApplication - Starting ApigermanApplication using Java 17.0.12 with PID 5580 (D:\Neo-Data\Rrom-Botto\E-studio\Uni\Neo-TESTING\Semestre 7\Sistemas Web y Distribuidos\Laboratorio\Entrega#3\apigerman\target\classes started by Usuario in D:\Neo-Data\Rrom-Botto\E-studio\Uni\Neo-TESTING\Semestre 7\Sistemas Web y Distribuidos\Laboratorio\Entrega#3\apigerman)
2025-11-15 21:33:32 DEBUG [restartedMain] c.e.apigerman.ApigermanApplication - Running with Spring Boot v3.5.7, Spring v6.2.12
2025-11-15 21:33:32 INFO  [restartedMain] c.e.apigerman.ApigermanApplication - No active profile set, falling back to 1 default profile: "default"
2025-11-15 21:33:33 INFO  [restartedMain] o.s.d.r.c.RepositoryConfigurationDelegate - Bootstrapping Spring Data JPA repositories in DEFAULT mode.
2025-11-15 21:33:33 INFO  [restartedMain] o.s.d.r.c.RepositoryConfigurationDelegate - Finished Spring Data repository scanning in 55 ms. Found 12 JPA repository interfaces.
2025-11-15 21:33:33 INFO  [restartedMain] o.s.b.w.e.tomcat.TomcatWebServer - Tomcat initialized with port 8080 (http)
2025-11-15 21:33:33 INFO  [restartedMain] o.a.coyote.http11.Http11NioProtocol - Initializing ProtocolHandler ["http-nio-8080"]
2025-11-15 21:33:33 INFO  [restartedMain] o.a.catalina.core.StandardService - Starting service [Tomcat]
2025-11-15 21:33:33 INFO  [restartedMain] o.a.catalina.core.StandardEngine - Starting Servlet engine: [Apache Tomcat/10.1.48]
2025-11-15 21:33:33 INFO  [restartedMain] o.a.c.c.C.[Tomcat].[localhost].[/] - Initializing Spring embedded WebApplicationContext
2025-11-15 21:33:33 INFO  [restartedMain] o.s.b.w.s.c.ServletWebServerApplicationContext - Root WebApplicationContext: initialization completed in 696 ms
2025-11-15 21:33:33 INFO  [restartedMain] com.zaxxer.hikari.HikariDataSource - HikariPool-2 - Starting...
2025-11-15 21:33:35 INFO  [restartedMain] com.zaxxer.hikari.pool.HikariPool - HikariPool-2 - Added connection org.postgresql.jdbc.PgConnection@175bca76
2025-11-15 21:33:35 INFO  [restartedMain] com.zaxxer.hikari.HikariDataSource - HikariPool-2 - Start completed.
2025-11-15 21:33:35 INFO  [restartedMain] o.h.jpa.internal.util.LogHelper - HHH000204: Processing PersistenceUnitInfo [name: default]
2025-11-15 21:33:35 INFO  [restartedMain] o.h.c.i.RegionFactoryInitiator - HHH000026: Second-level cache disabled
2025-11-15 21:33:35 INFO  [restartedMain] o.s.o.j.p.SpringPersistenceUnitInfo - No LoadTimeWeaver setup: ignoring JPA class transformer
2025-11-15 21:33:36 INFO  [restartedMain] o.hibernate.orm.connections.pooling - HHH10001005: Database info:
	Database JDBC URL [Connecting through datasource 'HikariDataSource (HikariPool-2)']
	Database driver: undefined/unknown
	Database version: 17.6
	Autocommit mode: undefined/unknown
	Isolation level: undefined/unknown
	Minimum pool size: undefined/unknown
	Maximum pool size: undefined/unknown
2025-11-15 21:33:36 INFO  [restartedMain] o.h.e.t.j.p.i.JtaPlatformInitiator - HHH000489: No JTA platform available (set 'hibernate.transaction.jta.platform' to enable JTA platform integration)
2025-11-15 21:33:36 INFO  [restartedMain] o.s.o.j.LocalContainerEntityManagerFactoryBean - Initialized JPA EntityManagerFactory for persistence unit 'default'
2025-11-15 21:33:36 WARN  [restartedMain] o.s.b.a.o.j.JpaBaseConfiguration$JpaWebConfiguration - spring.jpa.open-in-view is enabled by default. Therefore, database queries may be performed during view rendering. Explicitly configure spring.jpa.open-in-view to disable this warning
2025-11-15 21:33:36 INFO  [restartedMain] o.s.v.b.OptionalValidatorFactoryBean - Failed to set up a Bean Validation provider: jakarta.validation.NoProviderFoundException: Unable to create a Configuration, because no Jakarta Bean Validation provider could be found. Add a provider like Hibernate Validator (RI) to your classpath.
2025-11-15 21:33:37 INFO  [restartedMain] o.s.b.d.a.OptionalLiveReloadServer - LiveReload server is running on port 35729
2025-11-15 21:33:37 INFO  [restartedMain] o.a.coyote.http11.Http11NioProtocol - Starting ProtocolHandler ["http-nio-8080"]
2025-11-15 21:33:37 INFO  [restartedMain] o.s.b.w.e.tomcat.TomcatWebServer - Tomcat started on port 8080 (http) with context path '/'
2025-11-15 21:33:37 INFO  [restartedMain] c.e.apigerman.ApigermanApplication - Started ApigermanApplication in 4.545 seconds (process running for 62.569)
2025-11-15 21:33:37 INFO  [restartedMain] o.s.b.d.a.ConditionEvaluationDeltaLoggingListener - Condition evaluation unchanged
2025-11-15 21:34:15 INFO  [http-nio-8080-exec-1] o.a.c.c.C.[Tomcat].[localhost].[/] - Initializing Spring DispatcherServlet 'dispatcherServlet'
2025-11-15 21:34:15 INFO  [http-nio-8080-exec-1] o.s.web.servlet.DispatcherServlet - Initializing Servlet 'dispatcherServlet'
2025-11-15 21:34:15 INFO  [http-nio-8080-exec-1] o.s.web.servlet.DispatcherServlet - Completed initialization in 1 ms
2025-11-15 21:34:16 WARN  [http-nio-8080-exec-4] o.s.w.s.m.m.a.ExceptionHandlerExceptionResolver - Resolved [jakarta.servlet.ServletException: Handler dispatch failed: java.lang.NoSuchMethodError: 'void org.springframework.web.method.ControllerAdviceBean.<init>(java.lang.Object)']
2025-11-15 21:34:22 WARN  [http-nio-8080-exec-5] o.s.w.s.m.m.a.ExceptionHandlerExceptionResolver - Resolved [org.springframework.web.servlet.resource.NoResourceFoundException: No static resource favicon.ico.]
2025-11-15 21:34:47 INFO  [File Watcher] o.s.b.d.a.LocalDevToolsAutoConfiguration$RestartingClassPathChangeChangedEventListener - Restarting due to 3 class path changes (0 additions, 2 deletions, 1 modification)
2025-11-15 21:34:47 INFO  [Thread-7] o.s.b.w.e.tomcat.GracefulShutdown - Commencing graceful shutdown. Waiting for active requests to complete
2025-11-15 21:34:47 INFO  [tomcat-shutdown] o.a.coyote.http11.Http11NioProtocol - Pausing ProtocolHandler ["http-nio-8080"]
2025-11-15 21:34:47 INFO  [tomcat-shutdown] o.s.b.w.e.tomcat.GracefulShutdown - Graceful shutdown complete
2025-11-15 21:34:47 INFO  [Thread-7] o.a.coyote.http11.Http11NioProtocol - Stopping ProtocolHandler ["http-nio-8080"]
2025-11-15 21:34:47 INFO  [Thread-7] o.s.o.j.LocalContainerEntityManagerFactoryBean - Closing JPA EntityManagerFactory for persistence unit 'default'
2025-11-15 21:34:47 INFO  [Thread-7] com.zaxxer.hikari.HikariDataSource - HikariPool-2 - Shutdown initiated...
2025-11-15 21:34:49 INFO  [Thread-7] com.zaxxer.hikari.HikariDataSource - HikariPool-2 - Shutdown completed.
2025-11-15 21:34:49 INFO  [restartedMain] c.e.apigerman.ApigermanApplication - Starting ApigermanApplication using Java 17.0.12 with PID 5580 (D:\Neo-Data\Rrom-Botto\E-studio\Uni\Neo-TESTING\Semestre 7\Sistemas Web y Distribuidos\Laboratorio\Entrega#3\apigerman\target\classes started by Usuario in D:\Neo-Data\Rrom-Botto\E-studio\Uni\Neo-TESTING\Semestre 7\Sistemas Web y Distribuidos\Laboratorio\Entrega#3\apigerman)
2025-11-15 21:34:49 DEBUG [restartedMain] c.e.apigerman.ApigermanApplication - Running with Spring Boot v3.5.7, Spring v6.2.12
2025-11-15 21:34:49 INFO  [restartedMain] c.e.apigerman.ApigermanApplication - No active profile set, falling back to 1 default profile: "default"
2025-11-15 21:34:50 INFO  [restartedMain] o.s.d.r.c.RepositoryConfigurationDelegate - Bootstrapping Spring Data JPA repositories in DEFAULT mode.
2025-11-15 21:34:50 INFO  [restartedMain] o.s.d.r.c.RepositoryConfigurationDelegate - Finished Spring Data repository scanning in 51 ms. Found 12 JPA repository interfaces.
2025-11-15 21:34:50 INFO  [restartedMain] o.s.b.w.e.tomcat.TomcatWebServer - Tomcat initialized with port 8080 (http)
2025-11-15 21:34:50 INFO  [restartedMain] o.a.coyote.http11.Http11NioProtocol - Initializing ProtocolHandler ["http-nio-8080"]
2025-11-15 21:34:50 INFO  [restartedMain] o.a.catalina.core.StandardService - Starting service [Tomcat]
2025-11-15 21:34:50 INFO  [restartedMain] o.a.catalina.core.StandardEngine - Starting Servlet engine: [Apache Tomcat/10.1.48]
2025-11-15 21:34:50 INFO  [restartedMain] o.a.c.c.C.[Tomcat].[localhost].[/] - Initializing Spring embedded WebApplicationContext
2025-11-15 21:34:50 INFO  [restartedMain] o.s.b.w.s.c.ServletWebServerApplicationContext - Root WebApplicationContext: initialization completed in 690 ms
2025-11-15 21:34:50 INFO  [restartedMain] com.zaxxer.hikari.HikariDataSource - HikariPool-3 - Starting...
2025-11-15 21:34:52 INFO  [restartedMain] com.zaxxer.hikari.pool.HikariPool - HikariPool-3 - Added connection org.postgresql.jdbc.PgConnection@7c8116e4
2025-11-15 21:34:52 INFO  [restartedMain] com.zaxxer.hikari.HikariDataSource - HikariPool-3 - Start completed.
2025-11-15 21:34:52 INFO  [restartedMain] o.h.jpa.internal.util.LogHelper - HHH000204: Processing PersistenceUnitInfo [name: default]
2025-11-15 21:34:52 INFO  [restartedMain] o.h.c.i.RegionFactoryInitiator - HHH000026: Second-level cache disabled
2025-11-15 21:34:52 INFO  [restartedMain] o.s.o.j.p.SpringPersistenceUnitInfo - No LoadTimeWeaver setup: ignoring JPA class transformer
2025-11-15 21:34:53 INFO  [restartedMain] o.hibernate.orm.connections.pooling - HHH10001005: Database info:
	Database JDBC URL [Connecting through datasource 'HikariDataSource (HikariPool-3)']
	Database driver: undefined/unknown
	Database version: 17.6
	Autocommit mode: undefined/unknown
	Isolation level: undefined/unknown
	Minimum pool size: undefined/unknown
	Maximum pool size: undefined/unknown
2025-11-15 21:34:53 INFO  [restartedMain] o.h.e.t.j.p.i.JtaPlatformInitiator - HHH000489: No JTA platform available (set 'hibernate.transaction.jta.platform' to enable JTA platform integration)
2025-11-15 21:34:53 INFO  [restartedMain] o.s.o.j.LocalContainerEntityManagerFactoryBean - Initialized JPA EntityManagerFactory for persistence unit 'default'
2025-11-15 21:34:53 WARN  [restartedMain] o.s.b.w.s.c.AnnotationConfigServletWebServerApplicationContext - Exception encountered during context initialization - cancelling refresh attempt: org.springframework.beans.factory.UnsatisfiedDependencyException: Error creating bean with name 'materialController' defined in file [D:\Neo-Data\Rrom-Botto\E-studio\Uni\Neo-TESTING\Semestre 7\Sistemas Web y Distribuidos\Laboratorio\Entrega#3\apigerman\target\classes\com\example\apigerman\controller\MaterialController.class]: Unsatisfied dependency expressed through constructor parameter 0: Error creating bean with name 'materialService' defined in file [D:\Neo-Data\Rrom-Botto\E-studio\Uni\Neo-TESTING\Semestre 7\Sistemas Web y Distribuidos\Laboratorio\Entrega#3\apigerman\target\classes\com\example\apigerman\service\MaterialService.class]: Failed to instantiate [com.example.apigerman.service.MaterialService]: Constructor threw exception
2025-11-15 21:34:54 INFO  [restartedMain] o.s.o.j.LocalContainerEntityManagerFactoryBean - Closing JPA EntityManagerFactory for persistence unit 'default'
2025-11-15 21:34:54 INFO  [restartedMain] com.zaxxer.hikari.HikariDataSource - HikariPool-3 - Shutdown initiated...
2025-11-15 21:34:54 INFO  [restartedMain] com.zaxxer.hikari.HikariDataSource - HikariPool-3 - Shutdown completed.
2025-11-15 21:34:54 INFO  [restartedMain] o.a.catalina.core.StandardService - Stopping service [Tomcat]
2025-11-15 21:34:54 INFO  [restartedMain] o.s.b.a.l.ConditionEvaluationReportLogger - 

Error starting ApplicationContext. To display the condition evaluation report re-run your application with 'debug' enabled.
2025-11-15 21:34:54 ERROR [restartedMain] o.s.boot.SpringApplication - Application run failed
org.springframework.beans.factory.UnsatisfiedDependencyException: Error creating bean with name 'materialController' defined in file [D:\Neo-Data\Rrom-Botto\E-studio\Uni\Neo-TESTING\Semestre 7\Sistemas Web y Distribuidos\Laboratorio\Entrega#3\apigerman\target\classes\com\example\apigerman\controller\MaterialController.class]: Unsatisfied dependency expressed through constructor parameter 0: Error creating bean with name 'materialService' defined in file [D:\Neo-Data\Rrom-Botto\E-studio\Uni\Neo-TESTING\Semestre 7\Sistemas Web y Distribuidos\Laboratorio\Entrega#3\apigerman\target\classes\com\example\apigerman\service\MaterialService.class]: Failed to instantiate [com.example.apigerman.service.MaterialService]: Constructor threw exception
	at org.springframework.beans.factory.support.ConstructorResolver.createArgumentArray(ConstructorResolver.java:804)
	at org.springframework.beans.factory.support.ConstructorResolver.autowireConstructor(ConstructorResolver.java:240)
	at org.springframework.beans.factory.support.AbstractAutowireCapableBeanFactory.autowireConstructor(AbstractAutowireCapableBeanFactory.java:1395)
	at org.springframework.beans.factory.support.AbstractAutowireCapableBeanFactory.createBeanInstance(AbstractAutowireCapableBeanFactory.java:1232)
	at org.springframework.beans.factory.support.AbstractAutowireCapableBeanFactory.doCreateBean(AbstractAutowireCapableBeanFactory.java:569)
	at org.springframework.beans.factory.support.AbstractAutowireCapableBeanFactory.createBean(AbstractAutowireCapableBeanFactory.java:529)
	at org.springframework.beans.factory.support.AbstractBeanFactory.lambda$doGetBean$0(AbstractBeanFactory.java:339)
	at org.springframework.beans.factory.support.DefaultSingletonBeanRegistry.getSingleton(DefaultSingletonBeanRegistry.java:373)
	at org.springframework.beans.factory.support.AbstractBeanFactory.doGetBean(AbstractBeanFactory.java:337)
	at org.springframework.beans.factory.support.AbstractBeanFactory.getBean(AbstractBeanFactory.java:202)
	at org.springframework.beans.factory.support.DefaultListableBeanFactory.instantiateSingleton(DefaultListableBeanFactory.java:1228)
	at org.springframework.beans.factory.support.DefaultListableBeanFactory.preInstantiateSingleton(DefaultListableBeanFactory.java:1194)
	at org.springframework.beans.factory.support.DefaultListableBeanFactory.preInstantiateSingletons(DefaultListableBeanFactory.java:1130)
	at org.springframework.context.support.AbstractApplicationContext.finishBeanFactoryInitialization(AbstractApplicationContext.java:990)
	at org.springframework.context.support.AbstractApplicationContext.refresh(AbstractApplicationContext.java:627)
	at org.springframework.boot.web.servlet.context.ServletWebServerApplicationContext.refresh(ServletWebServerApplicationContext.java:146)
	at org.springframework.boot.SpringApplication.refresh(SpringApplication.java:752)
	at org.springframework.boot.SpringApplication.refreshContext(SpringApplication.java:439)
	at org.springframework.boot.SpringApplication.run(SpringApplication.java:318)
	at org.springframework.boot.SpringApplication.run(SpringApplication.java:1361)
	at org.springframework.boot.SpringApplication.run(SpringApplication.java:1350)
	at com.example.apigerman.ApigermanApplication.main(ApigermanApplication.java:15)
	at java.base/jdk.internal.reflect.NativeMethodAccessorImpl.invoke0(Native Method)
	at java.base/jdk.internal.reflect.NativeMethodAccessorImpl.invoke(NativeMethodAccessorImpl.java:77)
	at java.base/jdk.internal.reflect.DelegatingMethodAccessorImpl.invoke(DelegatingMethodAccessorImpl.java:43)
	at java.base/java.lang.reflect.Method.invoke(Method.java:568)
	at org.springframework.boot.devtools.restart.RestartLauncher.run(RestartLauncher.java:50)
Caused by: org.springframework.beans.factory.BeanCreationException: Error creating bean with name 'materialService' defined in file [D:\Neo-Data\Rrom-Botto\E-studio\Uni\Neo-TESTING\Semestre 7\Sistemas Web y Distribuidos\Laboratorio\Entrega#3\apigerman\target\classes\com\example\apigerman\service\MaterialService.class]: Failed to instantiate [com.example.apigerman.service.MaterialService]: Constructor threw exception
	at org.springframework.beans.factory.support.ConstructorResolver.instantiate(ConstructorResolver.java:321)
	at org.springframework.beans.factory.support.ConstructorResolver.autowireConstructor(ConstructorResolver.java:309)
	at org.springframework.beans.factory.support.AbstractAutowireCapableBeanFactory.autowireConstructor(AbstractAutowireCapableBeanFactory.java:1395)
	at org.springframework.beans.factory.support.AbstractAutowireCapableBeanFactory.createBeanInstance(AbstractAutowireCapableBeanFactory.java:1232)
	at org.springframework.beans.factory.support.AbstractAutowireCapableBeanFactory.doCreateBean(AbstractAutowireCapableBeanFactory.java:569)
	at org.springframework.beans.factory.support.AbstractAutowireCapableBeanFactory.createBean(AbstractAutowireCapableBeanFactory.java:529)
	at org.springframework.beans.factory.support.AbstractBeanFactory.lambda$doGetBean$0(AbstractBeanFactory.java:339)
	at org.springframework.beans.factory.support.DefaultSingletonBeanRegistry.getSingleton(DefaultSingletonBeanRegistry.java:373)
	at org.springframework.beans.factory.support.AbstractBeanFactory.doGetBean(AbstractBeanFactory.java:337)
	at org.springframework.beans.factory.support.AbstractBeanFactory.getBean(AbstractBeanFactory.java:202)
	at org.springframework.beans.factory.support.DefaultListableBeanFactory.doResolveDependency(DefaultListableBeanFactory.java:1708)
	at org.springframework.beans.factory.support.DefaultListableBeanFactory.resolveDependency(DefaultListableBeanFactory.java:1653)
	at org.springframework.beans.factory.support.ConstructorResolver.resolveAutowiredArgument(ConstructorResolver.java:913)
	at org.springframework.beans.factory.support.ConstructorResolver.createArgumentArray(ConstructorResolver.java:791)
	... 26 common frames omitted
Caused by: org.springframework.beans.BeanInstantiationException: Failed to instantiate [com.example.apigerman.service.MaterialService]: Constructor threw exception
	at org.springframework.beans.BeanUtils.instantiateClass(BeanUtils.java:223)
	at org.springframework.beans.factory.support.SimpleInstantiationStrategy.instantiate(SimpleInstantiationStrategy.java:146)
	at org.springframework.beans.factory.support.ConstructorResolver.instantiate(ConstructorResolver.java:318)
	... 39 common frames omitted
Caused by: java.lang.Error: Unresolved compilation problem: 
	The import com.example.apigerman.exception cannot be resolved

	at com.example.apigerman.service.MaterialService.<init>(MaterialService.java:5)
	at java.base/jdk.internal.reflect.NativeConstructorAccessorImpl.newInstance0(Native Method)
	at java.base/jdk.internal.reflect.NativeConstructorAccessorImpl.newInstance(NativeConstructorAccessorImpl.java:77)
	at java.base/jdk.internal.reflect.DelegatingConstructorAccessorImpl.newInstance(DelegatingConstructorAccessorImpl.java:45)
	at java.base/java.lang.reflect.Constructor.newInstanceWithCaller(Constructor.java:499)
	at java.base/java.lang.reflect.Constructor.newInstance(Constructor.java:480)
	at org.springframework.beans.BeanUtils.instantiateClass(BeanUtils.java:210)
	... 41 common frames omitted
2025-11-15 21:35:12 INFO  [restartedMain] c.e.apigerman.ApigermanApplication - Starting ApigermanApplication using Java 17.0.12 with PID 5580 (D:\Neo-Data\Rrom-Botto\E-studio\Uni\Neo-TESTING\Semestre 7\Sistemas Web y Distribuidos\Laboratorio\Entrega#3\apigerman\target\classes started by Usuario in D:\Neo-Data\Rrom-Botto\E-studio\Uni\Neo-TESTING\Semestre 7\Sistemas Web y Distribuidos\Laboratorio\Entrega#3\apigerman)
2025-11-15 21:35:12 DEBUG [restartedMain] c.e.apigerman.ApigermanApplication - Running with Spring Boot v3.5.7, Spring v6.2.12
2025-11-15 21:35:12 INFO  [restartedMain] c.e.apigerman.ApigermanApplication - No active profile set, falling back to 1 default profile: "default"
2025-11-15 21:35:13 INFO  [restartedMain] o.s.d.r.c.RepositoryConfigurationDelegate - Bootstrapping Spring Data JPA repositories in DEFAULT mode.
2025-11-15 21:35:13 INFO  [restartedMain] o.s.d.r.c.RepositoryConfigurationDelegate - Finished Spring Data repository scanning in 62 ms. Found 12 JPA repository interfaces.
2025-11-15 21:35:13 INFO  [restartedMain] o.s.b.w.e.tomcat.TomcatWebServer - Tomcat initialized with port 8080 (http)
2025-11-15 21:35:13 INFO  [restartedMain] o.a.coyote.http11.Http11NioProtocol - Initializing ProtocolHandler ["http-nio-8080"]
2025-11-15 21:35:13 INFO  [restartedMain] o.a.catalina.core.StandardService - Starting service [Tomcat]
2025-11-15 21:35:13 INFO  [restartedMain] o.a.catalina.core.StandardEngine - Starting Servlet engine: [Apache Tomcat/10.1.48]
2025-11-15 21:35:13 INFO  [restartedMain] o.a.c.c.C.[Tomcat-1].[localhost].[/] - Initializing Spring embedded WebApplicationContext
2025-11-15 21:35:13 INFO  [restartedMain] o.s.b.w.s.c.ServletWebServerApplicationContext - Root WebApplicationContext: initialization completed in 654 ms
2025-11-15 21:35:13 INFO  [restartedMain] com.zaxxer.hikari.HikariDataSource - HikariPool-4 - Starting...
2025-11-15 21:35:15 INFO  [restartedMain] com.zaxxer.hikari.pool.HikariPool - HikariPool-4 - Added connection org.postgresql.jdbc.PgConnection@21bd7427
2025-11-15 21:35:15 INFO  [restartedMain] com.zaxxer.hikari.HikariDataSource - HikariPool-4 - Start completed.
2025-11-15 21:35:15 INFO  [restartedMain] o.h.jpa.internal.util.LogHelper - HHH000204: Processing PersistenceUnitInfo [name: default]
2025-11-15 21:35:15 INFO  [restartedMain] o.h.c.i.RegionFactoryInitiator - HHH000026: Second-level cache disabled
2025-11-15 21:35:15 INFO  [restartedMain] o.s.o.j.p.SpringPersistenceUnitInfo - No LoadTimeWeaver setup: ignoring JPA class transformer
2025-11-15 21:35:16 INFO  [restartedMain] o.hibernate.orm.connections.pooling - HHH10001005: Database info:
	Database JDBC URL [Connecting through datasource 'HikariDataSource (HikariPool-4)']
	Database driver: undefined/unknown
	Database version: 17.6
	Autocommit mode: undefined/unknown
	Isolation level: undefined/unknown
	Minimum pool size: undefined/unknown
	Maximum pool size: undefined/unknown
2025-11-15 21:35:16 INFO  [restartedMain] o.h.e.t.j.p.i.JtaPlatformInitiator - HHH000489: No JTA platform available (set 'hibernate.transaction.jta.platform' to enable JTA platform integration)
2025-11-15 21:35:16 INFO  [restartedMain] o.s.o.j.LocalContainerEntityManagerFactoryBean - Initialized JPA EntityManagerFactory for persistence unit 'default'
2025-11-15 21:35:16 WARN  [restartedMain] o.s.b.w.s.c.AnnotationConfigServletWebServerApplicationContext - Exception encountered during context initialization - cancelling refresh attempt: org.springframework.beans.factory.UnsatisfiedDependencyException: Error creating bean with name 'materialController' defined in file [D:\Neo-Data\Rrom-Botto\E-studio\Uni\Neo-TESTING\Semestre 7\Sistemas Web y Distribuidos\Laboratorio\Entrega#3\apigerman\target\classes\com\example\apigerman\controller\MaterialController.class]: Unsatisfied dependency expressed through constructor parameter 0: Error creating bean with name 'materialService' defined in file [D:\Neo-Data\Rrom-Botto\E-studio\Uni\Neo-TESTING\Semestre 7\Sistemas Web y Distribuidos\Laboratorio\Entrega#3\apigerman\target\classes\com\example\apigerman\service\MaterialService.class]: Failed to instantiate [com.example.apigerman.service.MaterialService]: Constructor threw exception
2025-11-15 21:35:16 INFO  [restartedMain] o.s.o.j.LocalContainerEntityManagerFactoryBean - Closing JPA EntityManagerFactory for persistence unit 'default'
2025-11-15 21:35:16 INFO  [restartedMain] com.zaxxer.hikari.HikariDataSource - HikariPool-4 - Shutdown initiated...
2025-11-15 21:35:17 INFO  [restartedMain] com.zaxxer.hikari.HikariDataSource - HikariPool-4 - Shutdown completed.
2025-11-15 21:35:17 INFO  [restartedMain] o.a.catalina.core.StandardService - Stopping service [Tomcat]
2025-11-15 21:35:17 INFO  [restartedMain] o.s.b.a.l.ConditionEvaluationReportLogger - 

Error starting ApplicationContext. To display the condition evaluation report re-run your application with 'debug' enabled.
2025-11-15 21:35:17 ERROR [restartedMain] o.s.boot.SpringApplication - Application run failed
org.springframework.beans.factory.UnsatisfiedDependencyException: Error creating bean with name 'materialController' defined in file [D:\Neo-Data\Rrom-Botto\E-studio\Uni\Neo-TESTING\Semestre 7\Sistemas Web y Distribuidos\Laboratorio\Entrega#3\apigerman\target\classes\com\example\apigerman\controller\MaterialController.class]: Unsatisfied dependency expressed through constructor parameter 0: Error creating bean with name 'materialService' defined in file [D:\Neo-Data\Rrom-Botto\E-studio\Uni\Neo-TESTING\Semestre 7\Sistemas Web y Distribuidos\Laboratorio\Entrega#3\apigerman\target\classes\com\example\apigerman\service\MaterialService.class]: Failed to instantiate [com.example.apigerman.service.MaterialService]: Constructor threw exception
	at org.springframework.beans.factory.support.ConstructorResolver.createArgumentArray(ConstructorResolver.java:804)
	at org.springframework.beans.factory.support.ConstructorResolver.autowireConstructor(ConstructorResolver.java:240)
	at org.springframework.beans.factory.support.AbstractAutowireCapableBeanFactory.autowireConstructor(AbstractAutowireCapableBeanFactory.java:1395)
	at org.springframework.beans.factory.support.AbstractAutowireCapableBeanFactory.createBeanInstance(AbstractAutowireCapableBeanFactory.java:1232)
	at org.springframework.beans.factory.support.AbstractAutowireCapableBeanFactory.doCreateBean(AbstractAutowireCapableBeanFactory.java:569)
	at org.springframework.beans.factory.support.AbstractAutowireCapableBeanFactory.createBean(AbstractAutowireCapableBeanFactory.java:529)
	at org.springframework.beans.factory.support.AbstractBeanFactory.lambda$doGetBean$0(AbstractBeanFactory.java:339)
	at org.springframework.beans.factory.support.DefaultSingletonBeanRegistry.getSingleton(DefaultSingletonBeanRegistry.java:373)
	at org.springframework.beans.factory.support.AbstractBeanFactory.doGetBean(AbstractBeanFactory.java:337)
	at org.springframework.beans.factory.support.AbstractBeanFactory.getBean(AbstractBeanFactory.java:202)
	at org.springframework.beans.factory.support.DefaultListableBeanFactory.instantiateSingleton(DefaultListableBeanFactory.java:1228)
	at org.springframework.beans.factory.support.DefaultListableBeanFactory.preInstantiateSingleton(DefaultListableBeanFactory.java:1194)
	at org.springframework.beans.factory.support.DefaultListableBeanFactory.preInstantiateSingletons(DefaultListableBeanFactory.java:1130)
	at org.springframework.context.support.AbstractApplicationContext.finishBeanFactoryInitialization(AbstractApplicationContext.java:990)
	at org.springframework.context.support.AbstractApplicationContext.refresh(AbstractApplicationContext.java:627)
	at org.springframework.boot.web.servlet.context.ServletWebServerApplicationContext.refresh(ServletWebServerApplicationContext.java:146)
	at org.springframework.boot.SpringApplication.refresh(SpringApplication.java:752)
	at org.springframework.boot.SpringApplication.refreshContext(SpringApplication.java:439)
	at org.springframework.boot.SpringApplication.run(SpringApplication.java:318)
	at org.springframework.boot.SpringApplication.run(SpringApplication.java:1361)
	at org.springframework.boot.SpringApplication.run(SpringApplication.java:1350)
	at com.example.apigerman.ApigermanApplication.main(ApigermanApplication.java:15)
	at java.base/jdk.internal.reflect.NativeMethodAccessorImpl.invoke0(Native Method)
	at java.base/jdk.internal.reflect.NativeMethodAccessorImpl.invoke(NativeMethodAccessorImpl.java:77)
	at java.base/jdk.internal.reflect.DelegatingMethodAccessorImpl.invoke(DelegatingMethodAccessorImpl.java:43)
	at java.base/java.lang.reflect.Method.invoke(Method.java:568)
	at org.springframework.boot.devtools.restart.RestartLauncher.run(RestartLauncher.java:50)
Caused by: org.springframework.beans.factory.BeanCreationException: Error creating bean with name 'materialService' defined in file [D:\Neo-Data\Rrom-Botto\E-studio\Uni\Neo-TESTING\Semestre 7\Sistemas Web y Distribuidos\Laboratorio\Entrega#3\apigerman\target\classes\com\example\apigerman\service\MaterialService.class]: Failed to instantiate [com.example.apigerman.service.MaterialService]: Constructor threw exception
	at org.springframework.beans.factory.support.ConstructorResolver.instantiate(ConstructorResolver.java:321)
	at org.springframework.beans.factory.support.ConstructorResolver.autowireConstructor(ConstructorResolver.java:309)
	at org.springframework.beans.factory.support.AbstractAutowireCapableBeanFactory.autowireConstructor(AbstractAutowireCapableBeanFactory.java:1395)
	at org.springframework.beans.factory.support.AbstractAutowireCapableBeanFactory.createBeanInstance(AbstractAutowireCapableBeanFactory.java:1232)
	at org.springframework.beans.factory.support.AbstractAutowireCapableBeanFactory.doCreateBean(AbstractAutowireCapableBeanFactory.java:569)
	at org.springframework.beans.factory.support.AbstractAutowireCapableBeanFactory.createBean(AbstractAutowireCapableBeanFactory.java:529)
	at org.springframework.beans.factory.support.AbstractBeanFactory.lambda$doGetBean$0(AbstractBeanFactory.java:339)
	at org.springframework.beans.factory.support.DefaultSingletonBeanRegistry.getSingleton(DefaultSingletonBeanRegistry.java:373)
	at org.springframework.beans.factory.support.AbstractBeanFactory.doGetBean(AbstractBeanFactory.java:337)
	at org.springframework.beans.factory.support.AbstractBeanFactory.getBean(AbstractBeanFactory.java:202)
	at org.springframework.beans.factory.support.DefaultListableBeanFactory.doResolveDependency(DefaultListableBeanFactory.java:1708)
	at org.springframework.beans.factory.support.DefaultListableBeanFactory.resolveDependency(DefaultListableBeanFactory.java:1653)
	at org.springframework.beans.factory.support.ConstructorResolver.resolveAutowiredArgument(ConstructorResolver.java:913)
	at org.springframework.beans.factory.support.ConstructorResolver.createArgumentArray(ConstructorResolver.java:791)
	... 26 common frames omitted
Caused by: org.springframework.beans.BeanInstantiationException: Failed to instantiate [com.example.apigerman.service.MaterialService]: Constructor threw exception
	at org.springframework.beans.BeanUtils.instantiateClass(BeanUtils.java:223)
	at org.springframework.beans.factory.support.SimpleInstantiationStrategy.instantiate(SimpleInstantiationStrategy.java:146)
	at org.springframework.beans.factory.support.ConstructorResolver.instantiate(ConstructorResolver.java:318)
	... 39 common frames omitted
Caused by: java.lang.Error: Unresolved compilation problem: 
	The import com.example.apigerman.exception cannot be resolved

	at com.example.apigerman.service.MaterialService.<init>(MaterialService.java:5)
	at java.base/jdk.internal.reflect.NativeConstructorAccessorImpl.newInstance0(Native Method)
	at java.base/jdk.internal.reflect.NativeConstructorAccessorImpl.newInstance(NativeConstructorAccessorImpl.java:77)
	at java.base/jdk.internal.reflect.DelegatingConstructorAccessorImpl.newInstance(DelegatingConstructorAccessorImpl.java:45)
	at java.base/java.lang.reflect.Constructor.newInstanceWithCaller(Constructor.java:499)
	at java.base/java.lang.reflect.Constructor.newInstance(Constructor.java:480)
	at org.springframework.beans.BeanUtils.instantiateClass(BeanUtils.java:210)
	... 41 common frames omitted
2025-11-15 21:35:21 INFO  [restartedMain] c.e.apigerman.ApigermanApplication - Starting ApigermanApplication using Java 17.0.12 with PID 5580 (D:\Neo-Data\Rrom-Botto\E-studio\Uni\Neo-TESTING\Semestre 7\Sistemas Web y Distribuidos\Laboratorio\Entrega#3\apigerman\target\classes started by Usuario in D:\Neo-Data\Rrom-Botto\E-studio\Uni\Neo-TESTING\Semestre 7\Sistemas Web y Distribuidos\Laboratorio\Entrega#3\apigerman)
2025-11-15 21:35:21 DEBUG [restartedMain] c.e.apigerman.ApigermanApplication - Running with Spring Boot v3.5.7, Spring v6.2.12
2025-11-15 21:35:21 INFO  [restartedMain] c.e.apigerman.ApigermanApplication - No active profile set, falling back to 1 default profile: "default"
2025-11-15 21:35:21 INFO  [restartedMain] o.s.d.r.c.RepositoryConfigurationDelegate - Bootstrapping Spring Data JPA repositories in DEFAULT mode.
2025-11-15 21:35:21 INFO  [restartedMain] o.s.d.r.c.RepositoryConfigurationDelegate - Finished Spring Data repository scanning in 60 ms. Found 12 JPA repository interfaces.
2025-11-15 21:35:21 INFO  [restartedMain] o.s.b.w.e.tomcat.TomcatWebServer - Tomcat initialized with port 8080 (http)
2025-11-15 21:35:21 INFO  [restartedMain] o.a.coyote.http11.Http11NioProtocol - Initializing ProtocolHandler ["http-nio-8080"]
2025-11-15 21:35:21 INFO  [restartedMain] o.a.catalina.core.StandardService - Starting service [Tomcat]
2025-11-15 21:35:21 INFO  [restartedMain] o.a.catalina.core.StandardEngine - Starting Servlet engine: [Apache Tomcat/10.1.48]
2025-11-15 21:35:22 INFO  [restartedMain] o.a.c.c.C.[Tomcat-2].[localhost].[/] - Initializing Spring embedded WebApplicationContext
2025-11-15 21:35:22 INFO  [restartedMain] o.s.b.w.s.c.ServletWebServerApplicationContext - Root WebApplicationContext: initialization completed in 725 ms
2025-11-15 21:35:22 INFO  [restartedMain] com.zaxxer.hikari.HikariDataSource - HikariPool-5 - Starting...
2025-11-15 21:35:24 INFO  [restartedMain] com.zaxxer.hikari.pool.HikariPool - HikariPool-5 - Added connection org.postgresql.jdbc.PgConnection@532e86f4
2025-11-15 21:35:24 INFO  [restartedMain] com.zaxxer.hikari.HikariDataSource - HikariPool-5 - Start completed.
2025-11-15 21:35:24 INFO  [restartedMain] o.h.jpa.internal.util.LogHelper - HHH000204: Processing PersistenceUnitInfo [name: default]
2025-11-15 21:35:24 INFO  [restartedMain] o.h.c.i.RegionFactoryInitiator - HHH000026: Second-level cache disabled
2025-11-15 21:35:24 INFO  [restartedMain] o.s.o.j.p.SpringPersistenceUnitInfo - No LoadTimeWeaver setup: ignoring JPA class transformer
2025-11-15 21:35:24 INFO  [restartedMain] o.hibernate.orm.connections.pooling - HHH10001005: Database info:
	Database JDBC URL [Connecting through datasource 'HikariDataSource (HikariPool-5)']
	Database driver: undefined/unknown
	Database version: 17.6
	Autocommit mode: undefined/unknown
	Isolation level: undefined/unknown
	Minimum pool size: undefined/unknown
	Maximum pool size: undefined/unknown
2025-11-15 21:35:25 INFO  [restartedMain] o.h.e.t.j.p.i.JtaPlatformInitiator - HHH000489: No JTA platform available (set 'hibernate.transaction.jta.platform' to enable JTA platform integration)
2025-11-15 21:35:25 INFO  [restartedMain] o.s.o.j.LocalContainerEntityManagerFactoryBean - Initialized JPA EntityManagerFactory for persistence unit 'default'
2025-11-15 21:35:25 WARN  [restartedMain] o.s.b.w.s.c.AnnotationConfigServletWebServerApplicationContext - Exception encountered during context initialization - cancelling refresh attempt: org.springframework.beans.factory.UnsatisfiedDependencyException: Error creating bean with name 'materialController' defined in file [D:\Neo-Data\Rrom-Botto\E-studio\Uni\Neo-TESTING\Semestre 7\Sistemas Web y Distribuidos\Laboratorio\Entrega#3\apigerman\target\classes\com\example\apigerman\controller\MaterialController.class]: Unsatisfied dependency expressed through constructor parameter 0: Error creating bean with name 'materialService' defined in file [D:\Neo-Data\Rrom-Botto\E-studio\Uni\Neo-TESTING\Semestre 7\Sistemas Web y Distribuidos\Laboratorio\Entrega#3\apigerman\target\classes\com\example\apigerman\service\MaterialService.class]: Failed to instantiate [com.example.apigerman.service.MaterialService]: Constructor threw exception
2025-11-15 21:35:25 INFO  [restartedMain] o.s.o.j.LocalContainerEntityManagerFactoryBean - Closing JPA EntityManagerFactory for persistence unit 'default'
2025-11-15 21:35:25 INFO  [restartedMain] com.zaxxer.hikari.HikariDataSource - HikariPool-5 - Shutdown initiated...
2025-11-15 21:35:26 INFO  [restartedMain] com.zaxxer.hikari.HikariDataSource - HikariPool-5 - Shutdown completed.
2025-11-15 21:35:26 INFO  [restartedMain] o.a.catalina.core.StandardService - Stopping service [Tomcat]
2025-11-15 21:35:26 INFO  [restartedMain] o.s.b.a.l.ConditionEvaluationReportLogger - 

Error starting ApplicationContext. To display the condition evaluation report re-run your application with 'debug' enabled.
2025-11-15 21:35:26 ERROR [restartedMain] o.s.boot.SpringApplication - Application run failed
org.springframework.beans.factory.UnsatisfiedDependencyException: Error creating bean with name 'materialController' defined in file [D:\Neo-Data\Rrom-Botto\E-studio\Uni\Neo-TESTING\Semestre 7\Sistemas Web y Distribuidos\Laboratorio\Entrega#3\apigerman\target\classes\com\example\apigerman\controller\MaterialController.class]: Unsatisfied dependency expressed through constructor parameter 0: Error creating bean with name 'materialService' defined in file [D:\Neo-Data\Rrom-Botto\E-studio\Uni\Neo-TESTING\Semestre 7\Sistemas Web y Distribuidos\Laboratorio\Entrega#3\apigerman\target\classes\com\example\apigerman\service\MaterialService.class]: Failed to instantiate [com.example.apigerman.service.MaterialService]: Constructor threw exception
	at org.springframework.beans.factory.support.ConstructorResolver.createArgumentArray(ConstructorResolver.java:804)
	at org.springframework.beans.factory.support.ConstructorResolver.autowireConstructor(ConstructorResolver.java:240)
	at org.springframework.beans.factory.support.AbstractAutowireCapableBeanFactory.autowireConstructor(AbstractAutowireCapableBeanFactory.java:1395)
	at org.springframework.beans.factory.support.AbstractAutowireCapableBeanFactory.createBeanInstance(AbstractAutowireCapableBeanFactory.java:1232)
	at org.springframework.beans.factory.support.AbstractAutowireCapableBeanFactory.doCreateBean(AbstractAutowireCapableBeanFactory.java:569)
	at org.springframework.beans.factory.support.AbstractAutowireCapableBeanFactory.createBean(AbstractAutowireCapableBeanFactory.java:529)
	at org.springframework.beans.factory.support.AbstractBeanFactory.lambda$doGetBean$0(AbstractBeanFactory.java:339)
	at org.springframework.beans.factory.support.DefaultSingletonBeanRegistry.getSingleton(DefaultSingletonBeanRegistry.java:373)
	at org.springframework.beans.factory.support.AbstractBeanFactory.doGetBean(AbstractBeanFactory.java:337)
	at org.springframework.beans.factory.support.AbstractBeanFactory.getBean(AbstractBeanFactory.java:202)
	at org.springframework.beans.factory.support.DefaultListableBeanFactory.instantiateSingleton(DefaultListableBeanFactory.java:1228)
	at org.springframework.beans.factory.support.DefaultListableBeanFactory.preInstantiateSingleton(DefaultListableBeanFactory.java:1194)
	at org.springframework.beans.factory.support.DefaultListableBeanFactory.preInstantiateSingletons(DefaultListableBeanFactory.java:1130)
	at org.springframework.context.support.AbstractApplicationContext.finishBeanFactoryInitialization(AbstractApplicationContext.java:990)
	at org.springframework.context.support.AbstractApplicationContext.refresh(AbstractApplicationContext.java:627)
	at org.springframework.boot.web.servlet.context.ServletWebServerApplicationContext.refresh(ServletWebServerApplicationContext.java:146)
	at org.springframework.boot.SpringApplication.refresh(SpringApplication.java:752)
	at org.springframework.boot.SpringApplication.refreshContext(SpringApplication.java:439)
	at org.springframework.boot.SpringApplication.run(SpringApplication.java:318)
	at org.springframework.boot.SpringApplication.run(SpringApplication.java:1361)
	at org.springframework.boot.SpringApplication.run(SpringApplication.java:1350)
	at com.example.apigerman.ApigermanApplication.main(ApigermanApplication.java:15)
	at java.base/jdk.internal.reflect.NativeMethodAccessorImpl.invoke0(Native Method)
	at java.base/jdk.internal.reflect.NativeMethodAccessorImpl.invoke(NativeMethodAccessorImpl.java:77)
	at java.base/jdk.internal.reflect.DelegatingMethodAccessorImpl.invoke(DelegatingMethodAccessorImpl.java:43)
	at java.base/java.lang.reflect.Method.invoke(Method.java:568)
	at org.springframework.boot.devtools.restart.RestartLauncher.run(RestartLauncher.java:50)
Caused by: org.springframework.beans.factory.BeanCreationException: Error creating bean with name 'materialService' defined in file [D:\Neo-Data\Rrom-Botto\E-studio\Uni\Neo-TESTING\Semestre 7\Sistemas Web y Distribuidos\Laboratorio\Entrega#3\apigerman\target\classes\com\example\apigerman\service\MaterialService.class]: Failed to instantiate [com.example.apigerman.service.MaterialService]: Constructor threw exception
	at org.springframework.beans.factory.support.ConstructorResolver.instantiate(ConstructorResolver.java:321)
	at org.springframework.beans.factory.support.ConstructorResolver.autowireConstructor(ConstructorResolver.java:309)
	at org.springframework.beans.factory.support.AbstractAutowireCapableBeanFactory.autowireConstructor(AbstractAutowireCapableBeanFactory.java:1395)
	at org.springframework.beans.factory.support.AbstractAutowireCapableBeanFactory.createBeanInstance(AbstractAutowireCapableBeanFactory.java:1232)
	at org.springframework.beans.factory.support.AbstractAutowireCapableBeanFactory.doCreateBean(AbstractAutowireCapableBeanFactory.java:569)
	at org.springframework.beans.factory.support.AbstractAutowireCapableBeanFactory.createBean(AbstractAutowireCapableBeanFactory.java:529)
	at org.springframework.beans.factory.support.AbstractBeanFactory.lambda$doGetBean$0(AbstractBeanFactory.java:339)
	at org.springframework.beans.factory.support.DefaultSingletonBeanRegistry.getSingleton(DefaultSingletonBeanRegistry.java:373)
	at org.springframework.beans.factory.support.AbstractBeanFactory.doGetBean(AbstractBeanFactory.java:337)
	at org.springframework.beans.factory.support.AbstractBeanFactory.getBean(AbstractBeanFactory.java:202)
	at org.springframework.beans.factory.support.DefaultListableBeanFactory.doResolveDependency(DefaultListableBeanFactory.java:1708)
	at org.springframework.beans.factory.support.DefaultListableBeanFactory.resolveDependency(DefaultListableBeanFactory.java:1653)
	at org.springframework.beans.factory.support.ConstructorResolver.resolveAutowiredArgument(ConstructorResolver.java:913)
	at org.springframework.beans.factory.support.ConstructorResolver.createArgumentArray(ConstructorResolver.java:791)
	... 26 common frames omitted
Caused by: org.springframework.beans.BeanInstantiationException: Failed to instantiate [com.example.apigerman.service.MaterialService]: Constructor threw exception
	at org.springframework.beans.BeanUtils.instantiateClass(BeanUtils.java:223)
	at org.springframework.beans.factory.support.SimpleInstantiationStrategy.instantiate(SimpleInstantiationStrategy.java:146)
	at org.springframework.beans.factory.support.ConstructorResolver.instantiate(ConstructorResolver.java:318)
	... 39 common frames omitted
Caused by: java.lang.Error: Unresolved compilation problem: 

	at com.example.apigerman.service.MaterialService.<init>(MaterialService.java:14)
	at java.base/jdk.internal.reflect.NativeConstructorAccessorImpl.newInstance0(Native Method)
	at java.base/jdk.internal.reflect.NativeConstructorAccessorImpl.newInstance(NativeConstructorAccessorImpl.java:77)
	at java.base/jdk.internal.reflect.DelegatingConstructorAccessorImpl.newInstance(DelegatingConstructorAccessorImpl.java:45)
	at java.base/java.lang.reflect.Constructor.newInstanceWithCaller(Constructor.java:499)
	at java.base/java.lang.reflect.Constructor.newInstance(Constructor.java:480)
	at org.springframework.beans.BeanUtils.instantiateClass(BeanUtils.java:210)
	... 41 common frames omitted
2025-11-15 21:35:30 INFO  [restartedMain] c.e.apigerman.ApigermanApplication - Starting ApigermanApplication using Java 17.0.12 with PID 5580 (D:\Neo-Data\Rrom-Botto\E-studio\Uni\Neo-TESTING\Semestre 7\Sistemas Web y Distribuidos\Laboratorio\Entrega#3\apigerman\target\classes started by Usuario in D:\Neo-Data\Rrom-Botto\E-studio\Uni\Neo-TESTING\Semestre 7\Sistemas Web y Distribuidos\Laboratorio\Entrega#3\apigerman)
2025-11-15 21:35:30 DEBUG [restartedMain] c.e.apigerman.ApigermanApplication - Running with Spring Boot v3.5.7, Spring v6.2.12
2025-11-15 21:35:30 INFO  [restartedMain] c.e.apigerman.ApigermanApplication - No active profile set, falling back to 1 default profile: "default"
2025-11-15 21:35:31 INFO  [restartedMain] o.s.d.r.c.RepositoryConfigurationDelegate - Bootstrapping Spring Data JPA repositories in DEFAULT mode.
2025-11-15 21:35:31 INFO  [restartedMain] o.s.d.r.c.RepositoryConfigurationDelegate - Finished Spring Data repository scanning in 56 ms. Found 12 JPA repository interfaces.
2025-11-15 21:35:31 INFO  [restartedMain] o.s.b.w.e.tomcat.TomcatWebServer - Tomcat initialized with port 8080 (http)
2025-11-15 21:35:31 INFO  [restartedMain] o.a.coyote.http11.Http11NioProtocol - Initializing ProtocolHandler ["http-nio-8080"]
2025-11-15 21:35:31 INFO  [restartedMain] o.a.catalina.core.StandardService - Starting service [Tomcat]
2025-11-15 21:35:31 INFO  [restartedMain] o.a.catalina.core.StandardEngine - Starting Servlet engine: [Apache Tomcat/10.1.48]
2025-11-15 21:35:31 INFO  [restartedMain] o.a.c.c.C.[Tomcat-3].[localhost].[/] - Initializing Spring embedded WebApplicationContext
2025-11-15 21:35:31 INFO  [restartedMain] o.s.b.w.s.c.ServletWebServerApplicationContext - Root WebApplicationContext: initialization completed in 682 ms
2025-11-15 21:35:31 INFO  [restartedMain] com.zaxxer.hikari.HikariDataSource - HikariPool-6 - Starting...
2025-11-15 21:35:33 INFO  [restartedMain] com.zaxxer.hikari.pool.HikariPool - HikariPool-6 - Added connection org.postgresql.jdbc.PgConnection@391de7a5
2025-11-15 21:35:33 INFO  [restartedMain] com.zaxxer.hikari.HikariDataSource - HikariPool-6 - Start completed.
2025-11-15 21:35:33 INFO  [restartedMain] o.h.jpa.internal.util.LogHelper - HHH000204: Processing PersistenceUnitInfo [name: default]
2025-11-15 21:35:33 INFO  [restartedMain] o.h.c.i.RegionFactoryInitiator - HHH000026: Second-level cache disabled
2025-11-15 21:35:33 INFO  [restartedMain] o.s.o.j.p.SpringPersistenceUnitInfo - No LoadTimeWeaver setup: ignoring JPA class transformer
2025-11-15 21:35:34 INFO  [restartedMain] o.hibernate.orm.connections.pooling - HHH10001005: Database info:
	Database JDBC URL [Connecting through datasource 'HikariDataSource (HikariPool-6)']
	Database driver: undefined/unknown
	Database version: 17.6
	Autocommit mode: undefined/unknown
	Isolation level: undefined/unknown
	Minimum pool size: undefined/unknown
	Maximum pool size: undefined/unknown
2025-11-15 21:35:34 INFO  [restartedMain] o.h.e.t.j.p.i.JtaPlatformInitiator - HHH000489: No JTA platform available (set 'hibernate.transaction.jta.platform' to enable JTA platform integration)
2025-11-15 21:35:34 INFO  [restartedMain] o.s.o.j.LocalContainerEntityManagerFactoryBean - Initialized JPA EntityManagerFactory for persistence unit 'default'
2025-11-15 21:35:34 WARN  [restartedMain] o.s.b.w.s.c.AnnotationConfigServletWebServerApplicationContext - Exception encountered during context initialization - cancelling refresh attempt: org.springframework.beans.factory.UnsatisfiedDependencyException: Error creating bean with name 'materialController' defined in file [D:\Neo-Data\Rrom-Botto\E-studio\Uni\Neo-TESTING\Semestre 7\Sistemas Web y Distribuidos\Laboratorio\Entrega#3\apigerman\target\classes\com\example\apigerman\controller\MaterialController.class]: Unsatisfied dependency expressed through constructor parameter 0: Error creating bean with name 'materialService' defined in file [D:\Neo-Data\Rrom-Botto\E-studio\Uni\Neo-TESTING\Semestre 7\Sistemas Web y Distribuidos\Laboratorio\Entrega#3\apigerman\target\classes\com\example\apigerman\service\MaterialService.class]: Failed to instantiate [com.example.apigerman.service.MaterialService]: Constructor threw exception
2025-11-15 21:35:34 INFO  [restartedMain] o.s.o.j.LocalContainerEntityManagerFactoryBean - Closing JPA EntityManagerFactory for persistence unit 'default'
2025-11-15 21:35:34 INFO  [restartedMain] com.zaxxer.hikari.HikariDataSource - HikariPool-6 - Shutdown initiated...
2025-11-15 21:35:35 INFO  [restartedMain] com.zaxxer.hikari.HikariDataSource - HikariPool-6 - Shutdown completed.
2025-11-15 21:35:35 INFO  [restartedMain] o.a.catalina.core.StandardService - Stopping service [Tomcat]
2025-11-15 21:35:35 INFO  [restartedMain] o.s.b.a.l.ConditionEvaluationReportLogger - 

Error starting ApplicationContext. To display the condition evaluation report re-run your application with 'debug' enabled.
2025-11-15 21:35:35 ERROR [restartedMain] o.s.boot.SpringApplication - Application run failed
org.springframework.beans.factory.UnsatisfiedDependencyException: Error creating bean with name 'materialController' defined in file [D:\Neo-Data\Rrom-Botto\E-studio\Uni\Neo-TESTING\Semestre 7\Sistemas Web y Distribuidos\Laboratorio\Entrega#3\apigerman\target\classes\com\example\apigerman\controller\MaterialController.class]: Unsatisfied dependency expressed through constructor parameter 0: Error creating bean with name 'materialService' defined in file [D:\Neo-Data\Rrom-Botto\E-studio\Uni\Neo-TESTING\Semestre 7\Sistemas Web y Distribuidos\Laboratorio\Entrega#3\apigerman\target\classes\com\example\apigerman\service\MaterialService.class]: Failed to instantiate [com.example.apigerman.service.MaterialService]: Constructor threw exception
	at org.springframework.beans.factory.support.ConstructorResolver.createArgumentArray(ConstructorResolver.java:804)
	at org.springframework.beans.factory.support.ConstructorResolver.autowireConstructor(ConstructorResolver.java:240)
	at org.springframework.beans.factory.support.AbstractAutowireCapableBeanFactory.autowireConstructor(AbstractAutowireCapableBeanFactory.java:1395)
	at org.springframework.beans.factory.support.AbstractAutowireCapableBeanFactory.createBeanInstance(AbstractAutowireCapableBeanFactory.java:1232)
	at org.springframework.beans.factory.support.AbstractAutowireCapableBeanFactory.doCreateBean(AbstractAutowireCapableBeanFactory.java:569)
	at org.springframework.beans.factory.support.AbstractAutowireCapableBeanFactory.createBean(AbstractAutowireCapableBeanFactory.java:529)
	at org.springframework.beans.factory.support.AbstractBeanFactory.lambda$doGetBean$0(AbstractBeanFactory.java:339)
	at org.springframework.beans.factory.support.DefaultSingletonBeanRegistry.getSingleton(DefaultSingletonBeanRegistry.java:373)
	at org.springframework.beans.factory.support.AbstractBeanFactory.doGetBean(AbstractBeanFactory.java:337)
	at org.springframework.beans.factory.support.AbstractBeanFactory.getBean(AbstractBeanFactory.java:202)
	at org.springframework.beans.factory.support.DefaultListableBeanFactory.instantiateSingleton(DefaultListableBeanFactory.java:1228)
	at org.springframework.beans.factory.support.DefaultListableBeanFactory.preInstantiateSingleton(DefaultListableBeanFactory.java:1194)
	at org.springframework.beans.factory.support.DefaultListableBeanFactory.preInstantiateSingletons(DefaultListableBeanFactory.java:1130)
	at org.springframework.context.support.AbstractApplicationContext.finishBeanFactoryInitialization(AbstractApplicationContext.java:990)
	at org.springframework.context.support.AbstractApplicationContext.refresh(AbstractApplicationContext.java:627)
	at org.springframework.boot.web.servlet.context.ServletWebServerApplicationContext.refresh(ServletWebServerApplicationContext.java:146)
	at org.springframework.boot.SpringApplication.refresh(SpringApplication.java:752)
	at org.springframework.boot.SpringApplication.refreshContext(SpringApplication.java:439)
	at org.springframework.boot.SpringApplication.run(SpringApplication.java:318)
	at org.springframework.boot.SpringApplication.run(SpringApplication.java:1361)
	at org.springframework.boot.SpringApplication.run(SpringApplication.java:1350)
	at com.example.apigerman.ApigermanApplication.main(ApigermanApplication.java:15)
	at java.base/jdk.internal.reflect.NativeMethodAccessorImpl.invoke0(Native Method)
	at java.base/jdk.internal.reflect.NativeMethodAccessorImpl.invoke(NativeMethodAccessorImpl.java:77)
	at java.base/jdk.internal.reflect.DelegatingMethodAccessorImpl.invoke(DelegatingMethodAccessorImpl.java:43)
	at java.base/java.lang.reflect.Method.invoke(Method.java:568)
	at org.springframework.boot.devtools.restart.RestartLauncher.run(RestartLauncher.java:50)
Caused by: org.springframework.beans.factory.BeanCreationException: Error creating bean with name 'materialService' defined in file [D:\Neo-Data\Rrom-Botto\E-studio\Uni\Neo-TESTING\Semestre 7\Sistemas Web y Distribuidos\Laboratorio\Entrega#3\apigerman\target\classes\com\example\apigerman\service\MaterialService.class]: Failed to instantiate [com.example.apigerman.service.MaterialService]: Constructor threw exception
	at org.springframework.beans.factory.support.ConstructorResolver.instantiate(ConstructorResolver.java:321)
	at org.springframework.beans.factory.support.ConstructorResolver.autowireConstructor(ConstructorResolver.java:309)
	at org.springframework.beans.factory.support.AbstractAutowireCapableBeanFactory.autowireConstructor(AbstractAutowireCapableBeanFactory.java:1395)
	at org.springframework.beans.factory.support.AbstractAutowireCapableBeanFactory.createBeanInstance(AbstractAutowireCapableBeanFactory.java:1232)
	at org.springframework.beans.factory.support.AbstractAutowireCapableBeanFactory.doCreateBean(AbstractAutowireCapableBeanFactory.java:569)
	at org.springframework.beans.factory.support.AbstractAutowireCapableBeanFactory.createBean(AbstractAutowireCapableBeanFactory.java:529)
	at org.springframework.beans.factory.support.AbstractBeanFactory.lambda$doGetBean$0(AbstractBeanFactory.java:339)
	at org.springframework.beans.factory.support.DefaultSingletonBeanRegistry.getSingleton(DefaultSingletonBeanRegistry.java:373)
	at org.springframework.beans.factory.support.AbstractBeanFactory.doGetBean(AbstractBeanFactory.java:337)
	at org.springframework.beans.factory.support.AbstractBeanFactory.getBean(AbstractBeanFactory.java:202)
	at org.springframework.beans.factory.support.DefaultListableBeanFactory.doResolveDependency(DefaultListableBeanFactory.java:1708)
	at org.springframework.beans.factory.support.DefaultListableBeanFactory.resolveDependency(DefaultListableBeanFactory.java:1653)
	at org.springframework.beans.factory.support.ConstructorResolver.resolveAutowiredArgument(ConstructorResolver.java:913)
	at org.springframework.beans.factory.support.ConstructorResolver.createArgumentArray(ConstructorResolver.java:791)
	... 26 common frames omitted
Caused by: org.springframework.beans.BeanInstantiationException: Failed to instantiate [com.example.apigerman.service.MaterialService]: Constructor threw exception
	at org.springframework.beans.BeanUtils.instantiateClass(BeanUtils.java:223)
	at org.springframework.beans.factory.support.SimpleInstantiationStrategy.instantiate(SimpleInstantiationStrategy.java:146)
	at org.springframework.beans.factory.support.ConstructorResolver.instantiate(ConstructorResolver.java:318)
	... 39 common frames omitted
Caused by: java.lang.Error: Unresolved compilation problem: 
	The import com.example.apigerman.exception cannot be resolved

	at com.example.apigerman.service.MaterialService.<init>(MaterialService.java:5)
	at java.base/jdk.internal.reflect.NativeConstructorAccessorImpl.newInstance0(Native Method)
	at java.base/jdk.internal.reflect.NativeConstructorAccessorImpl.newInstance(NativeConstructorAccessorImpl.java:77)
	at java.base/jdk.internal.reflect.DelegatingConstructorAccessorImpl.newInstance(DelegatingConstructorAccessorImpl.java:45)
	at java.base/java.lang.reflect.Constructor.newInstanceWithCaller(Constructor.java:499)
	at java.base/java.lang.reflect.Constructor.newInstance(Constructor.java:480)
	at org.springframework.beans.BeanUtils.instantiateClass(BeanUtils.java:210)
	... 41 common frames omitted
2025-11-15 21:35:44 INFO  [restartedMain] c.e.apigerman.ApigermanApplication - Starting ApigermanApplication using Java 17.0.12 with PID 5580 (D:\Neo-Data\Rrom-Botto\E-studio\Uni\Neo-TESTING\Semestre 7\Sistemas Web y Distribuidos\Laboratorio\Entrega#3\apigerman\target\classes started by Usuario in D:\Neo-Data\Rrom-Botto\E-studio\Uni\Neo-TESTING\Semestre 7\Sistemas Web y Distribuidos\Laboratorio\Entrega#3\apigerman)
2025-11-15 21:35:44 DEBUG [restartedMain] c.e.apigerman.ApigermanApplication - Running with Spring Boot v3.5.7, Spring v6.2.12
2025-11-15 21:35:44 INFO  [restartedMain] c.e.apigerman.ApigermanApplication - No active profile set, falling back to 1 default profile: "default"
2025-11-15 21:35:44 INFO  [restartedMain] o.s.d.r.c.RepositoryConfigurationDelegate - Bootstrapping Spring Data JPA repositories in DEFAULT mode.
2025-11-15 21:35:44 INFO  [restartedMain] o.s.d.r.c.RepositoryConfigurationDelegate - Finished Spring Data repository scanning in 65 ms. Found 12 JPA repository interfaces.
2025-11-15 21:35:44 INFO  [restartedMain] o.s.b.w.e.tomcat.TomcatWebServer - Tomcat initialized with port 8080 (http)
2025-11-15 21:35:44 INFO  [restartedMain] o.a.coyote.http11.Http11NioProtocol - Initializing ProtocolHandler ["http-nio-8080"]
2025-11-15 21:35:44 INFO  [restartedMain] o.a.catalina.core.StandardService - Starting service [Tomcat]
2025-11-15 21:35:44 INFO  [restartedMain] o.a.catalina.core.StandardEngine - Starting Servlet engine: [Apache Tomcat/10.1.48]
2025-11-15 21:35:44 INFO  [restartedMain] o.a.c.c.C.[Tomcat-4].[localhost].[/] - Initializing Spring embedded WebApplicationContext
2025-11-15 21:35:44 INFO  [restartedMain] o.s.b.w.s.c.ServletWebServerApplicationContext - Root WebApplicationContext: initialization completed in 799 ms
2025-11-15 21:35:44 INFO  [restartedMain] com.zaxxer.hikari.HikariDataSource - HikariPool-7 - Starting...
2025-11-15 21:35:47 INFO  [restartedMain] com.zaxxer.hikari.pool.HikariPool - HikariPool-7 - Added connection org.postgresql.jdbc.PgConnection@f918b83
2025-11-15 21:35:47 INFO  [restartedMain] com.zaxxer.hikari.HikariDataSource - HikariPool-7 - Start completed.
2025-11-15 21:35:47 INFO  [restartedMain] o.h.jpa.internal.util.LogHelper - HHH000204: Processing PersistenceUnitInfo [name: default]
2025-11-15 21:35:47 INFO  [restartedMain] o.h.c.i.RegionFactoryInitiator - HHH000026: Second-level cache disabled
2025-11-15 21:35:47 INFO  [restartedMain] o.s.o.j.p.SpringPersistenceUnitInfo - No LoadTimeWeaver setup: ignoring JPA class transformer
2025-11-15 21:35:47 INFO  [restartedMain] o.hibernate.orm.connections.pooling - HHH10001005: Database info:
	Database JDBC URL [Connecting through datasource 'HikariDataSource (HikariPool-7)']
	Database driver: undefined/unknown
	Database version: 17.6
	Autocommit mode: undefined/unknown
	Isolation level: undefined/unknown
	Minimum pool size: undefined/unknown
	Maximum pool size: undefined/unknown
2025-11-15 21:35:47 INFO  [restartedMain] o.h.e.t.j.p.i.JtaPlatformInitiator - HHH000489: No JTA platform available (set 'hibernate.transaction.jta.platform' to enable JTA platform integration)
2025-11-15 21:35:47 INFO  [restartedMain] o.s.o.j.LocalContainerEntityManagerFactoryBean - Initialized JPA EntityManagerFactory for persistence unit 'default'
2025-11-15 21:35:48 WARN  [restartedMain] o.s.b.w.s.c.AnnotationConfigServletWebServerApplicationContext - Exception encountered during context initialization - cancelling refresh attempt: org.springframework.beans.factory.UnsatisfiedDependencyException: Error creating bean with name 'materialController' defined in file [D:\Neo-Data\Rrom-Botto\E-studio\Uni\Neo-TESTING\Semestre 7\Sistemas Web y Distribuidos\Laboratorio\Entrega#3\apigerman\target\classes\com\example\apigerman\controller\MaterialController.class]: Unsatisfied dependency expressed through constructor parameter 0: Error creating bean with name 'materialService' defined in file [D:\Neo-Data\Rrom-Botto\E-studio\Uni\Neo-TESTING\Semestre 7\Sistemas Web y Distribuidos\Laboratorio\Entrega#3\apigerman\target\classes\com\example\apigerman\service\MaterialService.class]: Failed to instantiate [com.example.apigerman.service.MaterialService]: Constructor threw exception
2025-11-15 21:35:48 INFO  [restartedMain] o.s.o.j.LocalContainerEntityManagerFactoryBean - Closing JPA EntityManagerFactory for persistence unit 'default'
2025-11-15 21:35:48 INFO  [restartedMain] com.zaxxer.hikari.HikariDataSource - HikariPool-7 - Shutdown initiated...
2025-11-15 21:35:48 INFO  [restartedMain] com.zaxxer.hikari.HikariDataSource - HikariPool-7 - Shutdown completed.
2025-11-15 21:35:48 INFO  [restartedMain] o.a.catalina.core.StandardService - Stopping service [Tomcat]
2025-11-15 21:35:48 INFO  [restartedMain] o.s.b.a.l.ConditionEvaluationReportLogger - 

Error starting ApplicationContext. To display the condition evaluation report re-run your application with 'debug' enabled.
2025-11-15 21:35:49 ERROR [restartedMain] o.s.boot.SpringApplication - Application run failed
org.springframework.beans.factory.UnsatisfiedDependencyException: Error creating bean with name 'materialController' defined in file [D:\Neo-Data\Rrom-Botto\E-studio\Uni\Neo-TESTING\Semestre 7\Sistemas Web y Distribuidos\Laboratorio\Entrega#3\apigerman\target\classes\com\example\apigerman\controller\MaterialController.class]: Unsatisfied dependency expressed through constructor parameter 0: Error creating bean with name 'materialService' defined in file [D:\Neo-Data\Rrom-Botto\E-studio\Uni\Neo-TESTING\Semestre 7\Sistemas Web y Distribuidos\Laboratorio\Entrega#3\apigerman\target\classes\com\example\apigerman\service\MaterialService.class]: Failed to instantiate [com.example.apigerman.service.MaterialService]: Constructor threw exception
	at org.springframework.beans.factory.support.ConstructorResolver.createArgumentArray(ConstructorResolver.java:804)
	at org.springframework.beans.factory.support.ConstructorResolver.autowireConstructor(ConstructorResolver.java:240)
	at org.springframework.beans.factory.support.AbstractAutowireCapableBeanFactory.autowireConstructor(AbstractAutowireCapableBeanFactory.java:1395)
	at org.springframework.beans.factory.support.AbstractAutowireCapableBeanFactory.createBeanInstance(AbstractAutowireCapableBeanFactory.java:1232)
	at org.springframework.beans.factory.support.AbstractAutowireCapableBeanFactory.doCreateBean(AbstractAutowireCapableBeanFactory.java:569)
	at org.springframework.beans.factory.support.AbstractAutowireCapableBeanFactory.createBean(AbstractAutowireCapableBeanFactory.java:529)
	at org.springframework.beans.factory.support.AbstractBeanFactory.lambda$doGetBean$0(AbstractBeanFactory.java:339)
	at org.springframework.beans.factory.support.DefaultSingletonBeanRegistry.getSingleton(DefaultSingletonBeanRegistry.java:373)
	at org.springframework.beans.factory.support.AbstractBeanFactory.doGetBean(AbstractBeanFactory.java:337)
	at org.springframework.beans.factory.support.AbstractBeanFactory.getBean(AbstractBeanFactory.java:202)
	at org.springframework.beans.factory.support.DefaultListableBeanFactory.instantiateSingleton(DefaultListableBeanFactory.java:1228)
	at org.springframework.beans.factory.support.DefaultListableBeanFactory.preInstantiateSingleton(DefaultListableBeanFactory.java:1194)
	at org.springframework.beans.factory.support.DefaultListableBeanFactory.preInstantiateSingletons(DefaultListableBeanFactory.java:1130)
	at org.springframework.context.support.AbstractApplicationContext.finishBeanFactoryInitialization(AbstractApplicationContext.java:990)
	at org.springframework.context.support.AbstractApplicationContext.refresh(AbstractApplicationContext.java:627)
	at org.springframework.boot.web.servlet.context.ServletWebServerApplicationContext.refresh(ServletWebServerApplicationContext.java:146)
	at org.springframework.boot.SpringApplication.refresh(SpringApplication.java:752)
	at org.springframework.boot.SpringApplication.refreshContext(SpringApplication.java:439)
	at org.springframework.boot.SpringApplication.run(SpringApplication.java:318)
	at org.springframework.boot.SpringApplication.run(SpringApplication.java:1361)
	at org.springframework.boot.SpringApplication.run(SpringApplication.java:1350)
	at com.example.apigerman.ApigermanApplication.main(ApigermanApplication.java:15)
	at java.base/jdk.internal.reflect.NativeMethodAccessorImpl.invoke0(Native Method)
	at java.base/jdk.internal.reflect.NativeMethodAccessorImpl.invoke(NativeMethodAccessorImpl.java:77)
	at java.base/jdk.internal.reflect.DelegatingMethodAccessorImpl.invoke(DelegatingMethodAccessorImpl.java:43)
	at java.base/java.lang.reflect.Method.invoke(Method.java:568)
	at org.springframework.boot.devtools.restart.RestartLauncher.run(RestartLauncher.java:50)
Caused by: org.springframework.beans.factory.BeanCreationException: Error creating bean with name 'materialService' defined in file [D:\Neo-Data\Rrom-Botto\E-studio\Uni\Neo-TESTING\Semestre 7\Sistemas Web y Distribuidos\Laboratorio\Entrega#3\apigerman\target\classes\com\example\apigerman\service\MaterialService.class]: Failed to instantiate [com.example.apigerman.service.MaterialService]: Constructor threw exception
	at org.springframework.beans.factory.support.ConstructorResolver.instantiate(ConstructorResolver.java:321)
	at org.springframework.beans.factory.support.ConstructorResolver.autowireConstructor(ConstructorResolver.java:309)
	at org.springframework.beans.factory.support.AbstractAutowireCapableBeanFactory.autowireConstructor(AbstractAutowireCapableBeanFactory.java:1395)
	at org.springframework.beans.factory.support.AbstractAutowireCapableBeanFactory.createBeanInstance(AbstractAutowireCapableBeanFactory.java:1232)
	at org.springframework.beans.factory.support.AbstractAutowireCapableBeanFactory.doCreateBean(AbstractAutowireCapableBeanFactory.java:569)
	at org.springframework.beans.factory.support.AbstractAutowireCapableBeanFactory.createBean(AbstractAutowireCapableBeanFactory.java:529)
	at org.springframework.beans.factory.support.AbstractBeanFactory.lambda$doGetBean$0(AbstractBeanFactory.java:339)
	at org.springframework.beans.factory.support.DefaultSingletonBeanRegistry.getSingleton(DefaultSingletonBeanRegistry.java:373)
	at org.springframework.beans.factory.support.AbstractBeanFactory.doGetBean(AbstractBeanFactory.java:337)
	at org.springframework.beans.factory.support.AbstractBeanFactory.getBean(AbstractBeanFactory.java:202)
	at org.springframework.beans.factory.support.DefaultListableBeanFactory.doResolveDependency(DefaultListableBeanFactory.java:1708)
	at org.springframework.beans.factory.support.DefaultListableBeanFactory.resolveDependency(DefaultListableBeanFactory.java:1653)
	at org.springframework.beans.factory.support.ConstructorResolver.resolveAutowiredArgument(ConstructorResolver.java:913)
	at org.springframework.beans.factory.support.ConstructorResolver.createArgumentArray(ConstructorResolver.java:791)
	... 26 common frames omitted
Caused by: org.springframework.beans.BeanInstantiationException: Failed to instantiate [com.example.apigerman.service.MaterialService]: Constructor threw exception
	at org.springframework.beans.BeanUtils.instantiateClass(BeanUtils.java:223)
	at org.springframework.beans.factory.support.SimpleInstantiationStrategy.instantiate(SimpleInstantiationStrategy.java:146)
	at org.springframework.beans.factory.support.ConstructorResolver.instantiate(ConstructorResolver.java:318)
	... 39 common frames omitted
Caused by: java.lang.Error: Unresolved compilation problem: 
	The import com.example.apigerman.exception cannot be resolved

	at com.example.apigerman.service.MaterialService.<init>(MaterialService.java:5)
	at java.base/jdk.internal.reflect.NativeConstructorAccessorImpl.newInstance0(Native Method)
	at java.base/jdk.internal.reflect.NativeConstructorAccessorImpl.newInstance(NativeConstructorAccessorImpl.java:77)
	at java.base/jdk.internal.reflect.DelegatingConstructorAccessorImpl.newInstance(DelegatingConstructorAccessorImpl.java:45)
	at java.base/java.lang.reflect.Constructor.newInstanceWithCaller(Constructor.java:499)
	at java.base/java.lang.reflect.Constructor.newInstance(Constructor.java:480)
	at org.springframework.beans.BeanUtils.instantiateClass(BeanUtils.java:210)
	... 41 common frames omitted
2025-11-15 21:40:30 INFO  [restartedMain] c.e.apigerman.ApigermanApplication - Starting ApigermanApplication using Java 17.0.12 with PID 15348 (D:\Neo-Data\Rrom-Botto\E-studio\Uni\Neo-TESTING\Semestre 7\Sistemas Web y Distribuidos\Laboratorio\Entrega#3\apigerman\target\classes started by Usuario in D:\Neo-Data\Rrom-Botto\E-studio\Uni\Neo-TESTING\Semestre 7\Sistemas Web y Distribuidos\Laboratorio\Entrega#3\apigerman)
2025-11-15 21:40:30 DEBUG [restartedMain] c.e.apigerman.ApigermanApplication - Running with Spring Boot v3.5.7, Spring v6.2.12
2025-11-15 21:40:30 INFO  [restartedMain] c.e.apigerman.ApigermanApplication - No active profile set, falling back to 1 default profile: "default"
2025-11-15 21:40:31 INFO  [restartedMain] o.s.b.d.e.DevToolsPropertyDefaultsPostProcessor - Devtools property defaults active! Set 'spring.devtools.add-properties' to 'false' to disable
2025-11-15 21:40:31 INFO  [restartedMain] o.s.b.d.e.DevToolsPropertyDefaultsPostProcessor - For additional web related logging consider setting the 'logging.level.web' property to 'DEBUG'
2025-11-15 21:40:33 INFO  [restartedMain] o.s.d.r.c.RepositoryConfigurationDelegate - Bootstrapping Spring Data JPA repositories in DEFAULT mode.
2025-11-15 21:40:33 INFO  [restartedMain] o.s.d.r.c.RepositoryConfigurationDelegate - Finished Spring Data repository scanning in 186 ms. Found 12 JPA repository interfaces.
2025-11-15 21:40:34 INFO  [restartedMain] o.s.b.w.e.tomcat.TomcatWebServer - Tomcat initialized with port 8080 (http)
2025-11-15 21:40:34 INFO  [restartedMain] o.a.coyote.http11.Http11NioProtocol - Initializing ProtocolHandler ["http-nio-8080"]
2025-11-15 21:40:34 INFO  [restartedMain] o.a.catalina.core.StandardService - Starting service [Tomcat]
2025-11-15 21:40:34 INFO  [restartedMain] o.a.catalina.core.StandardEngine - Starting Servlet engine: [Apache Tomcat/10.1.48]
2025-11-15 21:40:34 INFO  [restartedMain] o.a.c.c.C.[Tomcat].[localhost].[/] - Initializing Spring embedded WebApplicationContext
2025-11-15 21:40:34 INFO  [restartedMain] o.s.b.w.s.c.ServletWebServerApplicationContext - Root WebApplicationContext: initialization completed in 3500 ms
2025-11-15 21:40:34 INFO  [restartedMain] com.zaxxer.hikari.HikariDataSource - HikariPool-1 - Starting...
2025-11-15 21:40:37 INFO  [restartedMain] com.zaxxer.hikari.pool.HikariPool - HikariPool-1 - Added connection org.postgresql.jdbc.PgConnection@1f40881
2025-11-15 21:40:37 INFO  [restartedMain] com.zaxxer.hikari.HikariDataSource - HikariPool-1 - Start completed.
2025-11-15 21:40:38 INFO  [restartedMain] o.h.jpa.internal.util.LogHelper - HHH000204: Processing PersistenceUnitInfo [name: default]
2025-11-15 21:40:38 INFO  [restartedMain] org.hibernate.Version - HHH000412: Hibernate ORM core version 6.6.33.Final
2025-11-15 21:40:38 INFO  [restartedMain] o.h.c.i.RegionFactoryInitiator - HHH000026: Second-level cache disabled
2025-11-15 21:40:38 INFO  [restartedMain] o.s.o.j.p.SpringPersistenceUnitInfo - No LoadTimeWeaver setup: ignoring JPA class transformer
2025-11-15 21:40:39 INFO  [restartedMain] o.hibernate.orm.connections.pooling - HHH10001005: Database info:
	Database JDBC URL [Connecting through datasource 'HikariDataSource (HikariPool-1)']
	Database driver: undefined/unknown
	Database version: 17.6
	Autocommit mode: undefined/unknown
	Isolation level: undefined/unknown
	Minimum pool size: undefined/unknown
	Maximum pool size: undefined/unknown
2025-11-15 21:40:41 INFO  [restartedMain] o.h.e.t.j.p.i.JtaPlatformInitiator - HHH000489: No JTA platform available (set 'hibernate.transaction.jta.platform' to enable JTA platform integration)
2025-11-15 21:40:41 INFO  [restartedMain] o.s.o.j.LocalContainerEntityManagerFactoryBean - Initialized JPA EntityManagerFactory for persistence unit 'default'
2025-11-15 21:40:42 WARN  [restartedMain] o.s.b.a.o.j.JpaBaseConfiguration$JpaWebConfiguration - spring.jpa.open-in-view is enabled by default. Therefore, database queries may be performed during view rendering. Explicitly configure spring.jpa.open-in-view to disable this warning
2025-11-15 21:40:42 INFO  [restartedMain] o.s.v.b.OptionalValidatorFactoryBean - Failed to set up a Bean Validation provider: jakarta.validation.NoProviderFoundException: Unable to create a Configuration, because no Jakarta Bean Validation provider could be found. Add a provider like Hibernate Validator (RI) to your classpath.
2025-11-15 21:40:43 INFO  [restartedMain] o.s.b.d.a.OptionalLiveReloadServer - LiveReload server is running on port 35729
2025-11-15 21:40:43 INFO  [restartedMain] o.a.coyote.http11.Http11NioProtocol - Starting ProtocolHandler ["http-nio-8080"]
2025-11-15 21:40:43 INFO  [restartedMain] o.s.b.w.e.tomcat.TomcatWebServer - Tomcat started on port 8080 (http) with context path '/'
2025-11-15 21:40:43 INFO  [restartedMain] c.e.apigerman.ApigermanApplication - Started ApigermanApplication in 15.24 seconds (process running for 16.771)
2025-11-15 21:40:49 INFO  [http-nio-8080-exec-1] o.a.c.c.C.[Tomcat].[localhost].[/] - Initializing Spring DispatcherServlet 'dispatcherServlet'
2025-11-15 21:40:49 INFO  [http-nio-8080-exec-1] o.s.web.servlet.DispatcherServlet - Initializing Servlet 'dispatcherServlet'
2025-11-15 21:40:49 INFO  [http-nio-8080-exec-1] o.s.web.servlet.DispatcherServlet - Completed initialization in 0 ms
2025-11-15 21:40:50 WARN  [http-nio-8080-exec-4] o.s.w.s.m.m.a.ExceptionHandlerExceptionResolver - Resolved [jakarta.servlet.ServletException: Handler dispatch failed: java.lang.NoSuchMethodError: 'void org.springframework.web.method.ControllerAdviceBean.<init>(java.lang.Object)']
2025-11-15 21:40:53 WARN  [http-nio-8080-exec-5] o.s.w.s.m.m.a.ExceptionHandlerExceptionResolver - Resolved [org.springframework.web.servlet.resource.NoResourceFoundException: No static resource favicon.ico.]
2025-11-15 21:41:28 INFO  [File Watcher] o.s.b.d.a.LocalDevToolsAutoConfiguration$RestartingClassPathChangeChangedEventListener - Restarting due to 1 class path change (0 additions, 1 deletion, 0 modifications)
2025-11-15 21:41:28 INFO  [Thread-5] o.s.b.w.e.tomcat.GracefulShutdown - Commencing graceful shutdown. Waiting for active requests to complete
2025-11-15 21:41:28 INFO  [tomcat-shutdown] o.a.coyote.http11.Http11NioProtocol - Pausing ProtocolHandler ["http-nio-8080"]
2025-11-15 21:41:28 INFO  [tomcat-shutdown] o.s.b.w.e.tomcat.GracefulShutdown - Graceful shutdown complete
2025-11-15 21:41:28 INFO  [Thread-5] o.a.coyote.http11.Http11NioProtocol - Stopping ProtocolHandler ["http-nio-8080"]
2025-11-15 21:41:28 INFO  [Thread-5] o.s.o.j.LocalContainerEntityManagerFactoryBean - Closing JPA EntityManagerFactory for persistence unit 'default'
2025-11-15 21:41:28 INFO  [Thread-5] com.zaxxer.hikari.HikariDataSource - HikariPool-1 - Shutdown initiated...
2025-11-15 21:41:30 INFO  [Thread-5] com.zaxxer.hikari.HikariDataSource - HikariPool-1 - Shutdown completed.
2025-11-15 21:41:30 INFO  [restartedMain] c.e.apigerman.ApigermanApplication - Starting ApigermanApplication using Java 17.0.12 with PID 15348 (D:\Neo-Data\Rrom-Botto\E-studio\Uni\Neo-TESTING\Semestre 7\Sistemas Web y Distribuidos\Laboratorio\Entrega#3\apigerman\target\classes started by Usuario in D:\Neo-Data\Rrom-Botto\E-studio\Uni\Neo-TESTING\Semestre 7\Sistemas Web y Distribuidos\Laboratorio\Entrega#3\apigerman)
2025-11-15 21:41:30 DEBUG [restartedMain] c.e.apigerman.ApigermanApplication - Running with Spring Boot v3.5.7, Spring v6.2.12
2025-11-15 21:41:30 INFO  [restartedMain] c.e.apigerman.ApigermanApplication - No active profile set, falling back to 1 default profile: "default"
2025-11-15 21:41:31 INFO  [restartedMain] o.s.d.r.c.RepositoryConfigurationDelegate - Bootstrapping Spring Data JPA repositories in DEFAULT mode.
2025-11-15 21:41:31 INFO  [restartedMain] o.s.d.r.c.RepositoryConfigurationDelegate - Finished Spring Data repository scanning in 66 ms. Found 12 JPA repository interfaces.
2025-11-15 21:41:31 INFO  [restartedMain] o.s.b.w.e.tomcat.TomcatWebServer - Tomcat initialized with port 8080 (http)
2025-11-15 21:41:31 INFO  [restartedMain] o.a.coyote.http11.Http11NioProtocol - Initializing ProtocolHandler ["http-nio-8080"]
2025-11-15 21:41:31 INFO  [restartedMain] o.a.catalina.core.StandardService - Starting service [Tomcat]
2025-11-15 21:41:31 INFO  [restartedMain] o.a.catalina.core.StandardEngine - Starting Servlet engine: [Apache Tomcat/10.1.48]
2025-11-15 21:41:31 INFO  [restartedMain] o.a.c.c.C.[Tomcat].[localhost].[/] - Initializing Spring embedded WebApplicationContext
2025-11-15 21:41:31 INFO  [restartedMain] o.s.b.w.s.c.ServletWebServerApplicationContext - Root WebApplicationContext: initialization completed in 750 ms
2025-11-15 21:41:31 INFO  [restartedMain] com.zaxxer.hikari.HikariDataSource - HikariPool-2 - Starting...
2025-11-15 21:41:33 INFO  [restartedMain] com.zaxxer.hikari.pool.HikariPool - HikariPool-2 - Added connection org.postgresql.jdbc.PgConnection@30d9ed1f
2025-11-15 21:41:33 INFO  [restartedMain] com.zaxxer.hikari.HikariDataSource - HikariPool-2 - Start completed.
2025-11-15 21:41:33 INFO  [restartedMain] o.h.jpa.internal.util.LogHelper - HHH000204: Processing PersistenceUnitInfo [name: default]
2025-11-15 21:41:33 INFO  [restartedMain] o.h.c.i.RegionFactoryInitiator - HHH000026: Second-level cache disabled
2025-11-15 21:41:33 INFO  [restartedMain] o.s.o.j.p.SpringPersistenceUnitInfo - No LoadTimeWeaver setup: ignoring JPA class transformer
2025-11-15 21:41:34 INFO  [restartedMain] o.hibernate.orm.connections.pooling - HHH10001005: Database info:
	Database JDBC URL [Connecting through datasource 'HikariDataSource (HikariPool-2)']
	Database driver: undefined/unknown
	Database version: 17.6
	Autocommit mode: undefined/unknown
	Isolation level: undefined/unknown
	Minimum pool size: undefined/unknown
	Maximum pool size: undefined/unknown
2025-11-15 21:41:34 INFO  [restartedMain] o.h.e.t.j.p.i.JtaPlatformInitiator - HHH000489: No JTA platform available (set 'hibernate.transaction.jta.platform' to enable JTA platform integration)
2025-11-15 21:41:34 INFO  [restartedMain] o.s.o.j.LocalContainerEntityManagerFactoryBean - Initialized JPA EntityManagerFactory for persistence unit 'default'
2025-11-15 21:41:35 WARN  [restartedMain] o.s.b.a.o.j.JpaBaseConfiguration$JpaWebConfiguration - spring.jpa.open-in-view is enabled by default. Therefore, database queries may be performed during view rendering. Explicitly configure spring.jpa.open-in-view to disable this warning
2025-11-15 21:41:35 INFO  [restartedMain] o.s.v.b.OptionalValidatorFactoryBean - Failed to set up a Bean Validation provider: jakarta.validation.NoProviderFoundException: Unable to create a Configuration, because no Jakarta Bean Validation provider could be found. Add a provider like Hibernate Validator (RI) to your classpath.
2025-11-15 21:41:35 INFO  [restartedMain] o.s.b.d.a.OptionalLiveReloadServer - LiveReload server is running on port 35729
2025-11-15 21:41:35 INFO  [restartedMain] o.a.coyote.http11.Http11NioProtocol - Starting ProtocolHandler ["http-nio-8080"]
2025-11-15 21:41:35 INFO  [restartedMain] o.s.b.w.e.tomcat.TomcatWebServer - Tomcat started on port 8080 (http) with context path '/'
2025-11-15 21:41:35 INFO  [restartedMain] c.e.apigerman.ApigermanApplication - Started ApigermanApplication in 4.805 seconds (process running for 69.019)
2025-11-15 21:41:35 INFO  [restartedMain] o.s.b.d.a.ConditionEvaluationDeltaLoggingListener - Condition evaluation unchanged
2025-11-15 21:41:37 INFO  [http-nio-8080-exec-1] o.a.c.c.C.[Tomcat].[localhost].[/] - Initializing Spring DispatcherServlet 'dispatcherServlet'
2025-11-15 21:41:37 INFO  [http-nio-8080-exec-1] o.s.web.servlet.DispatcherServlet - Initializing Servlet 'dispatcherServlet'
2025-11-15 21:41:37 INFO  [http-nio-8080-exec-1] o.s.web.servlet.DispatcherServlet - Completed initialization in 0 ms
2025-11-15 21:41:38 INFO  [http-nio-8080-exec-1] o.s.api.AbstractOpenApiResource - Init duration for springdoc-openapi is: 602 ms
2025-11-15 21:41:51 INFO  [http-nio-8080-exec-7] c.e.a.controller.MaterialController - Buscando material con ID=1111
2025-11-15 21:41:51 INFO  [http-nio-8080-exec-7] c.e.a.service.MaterialService - Buscando material con ID=1111 en la base de datos
2025-11-15 21:41:52 WARN  [http-nio-8080-exec-7] c.e.a.service.MaterialService - Material con ID=1111 no encontrado
2025-11-15 21:41:52 WARN  [http-nio-8080-exec-7] o.s.w.s.m.a.ResponseStatusExceptionResolver - Resolved [com.example.apigerman.exception.ResourceNotFoundException: Material no encontrado con ID=1111]
2025-11-15 21:42:54 INFO  [File Watcher] o.s.b.d.a.LocalDevToolsAutoConfiguration$RestartingClassPathChangeChangedEventListener - Restarting due to 1 class path change (1 addition, 0 deletions, 0 modifications)
2025-11-15 21:42:54 INFO  [Thread-7] o.s.b.w.e.tomcat.GracefulShutdown - Commencing graceful shutdown. Waiting for active requests to complete
2025-11-15 21:42:54 INFO  [tomcat-shutdown] o.a.coyote.http11.Http11NioProtocol - Pausing ProtocolHandler ["http-nio-8080"]
2025-11-15 21:42:55 INFO  [tomcat-shutdown] o.s.b.w.e.tomcat.GracefulShutdown - Graceful shutdown complete
2025-11-15 21:42:55 INFO  [Thread-7] o.a.coyote.http11.Http11NioProtocol - Stopping ProtocolHandler ["http-nio-8080"]
2025-11-15 21:42:55 INFO  [Thread-7] o.s.o.j.LocalContainerEntityManagerFactoryBean - Closing JPA EntityManagerFactory for persistence unit 'default'
2025-11-15 21:42:55 INFO  [Thread-7] com.zaxxer.hikari.HikariDataSource - HikariPool-2 - Shutdown initiated...
2025-11-15 21:42:57 INFO  [Thread-7] com.zaxxer.hikari.HikariDataSource - HikariPool-2 - Shutdown completed.
2025-11-15 21:42:57 INFO  [restartedMain] c.e.apigerman.ApigermanApplication - Starting ApigermanApplication using Java 17.0.12 with PID 15348 (D:\Neo-Data\Rrom-Botto\E-studio\Uni\Neo-TESTING\Semestre 7\Sistemas Web y Distribuidos\Laboratorio\Entrega#3\apigerman\target\classes started by Usuario in D:\Neo-Data\Rrom-Botto\E-studio\Uni\Neo-TESTING\Semestre 7\Sistemas Web y Distribuidos\Laboratorio\Entrega#3\apigerman)
2025-11-15 21:42:57 DEBUG [restartedMain] c.e.apigerman.ApigermanApplication - Running with Spring Boot v3.5.7, Spring v6.2.12
2025-11-15 21:42:57 INFO  [restartedMain] c.e.apigerman.ApigermanApplication - No active profile set, falling back to 1 default profile: "default"
2025-11-15 21:42:57 INFO  [restartedMain] o.s.d.r.c.RepositoryConfigurationDelegate - Bootstrapping Spring Data JPA repositories in DEFAULT mode.
2025-11-15 21:42:57 INFO  [restartedMain] o.s.d.r.c.RepositoryConfigurationDelegate - Finished Spring Data repository scanning in 68 ms. Found 12 JPA repository interfaces.
2025-11-15 21:42:58 INFO  [restartedMain] o.s.b.w.e.tomcat.TomcatWebServer - Tomcat initialized with port 8080 (http)
2025-11-15 21:42:58 INFO  [restartedMain] o.a.coyote.http11.Http11NioProtocol - Initializing ProtocolHandler ["http-nio-8080"]
2025-11-15 21:42:58 INFO  [restartedMain] o.a.catalina.core.StandardService - Starting service [Tomcat]
2025-11-15 21:42:58 INFO  [restartedMain] o.a.catalina.core.StandardEngine - Starting Servlet engine: [Apache Tomcat/10.1.48]
2025-11-15 21:42:58 INFO  [restartedMain] o.a.c.c.C.[Tomcat].[localhost].[/] - Initializing Spring embedded WebApplicationContext
2025-11-15 21:42:58 INFO  [restartedMain] o.s.b.w.s.c.ServletWebServerApplicationContext - Root WebApplicationContext: initialization completed in 790 ms
2025-11-15 21:42:58 INFO  [restartedMain] com.zaxxer.hikari.HikariDataSource - HikariPool-3 - Starting...
2025-11-15 21:43:00 INFO  [restartedMain] com.zaxxer.hikari.pool.HikariPool - HikariPool-3 - Added connection org.postgresql.jdbc.PgConnection@1b59a0f9
2025-11-15 21:43:00 INFO  [restartedMain] com.zaxxer.hikari.HikariDataSource - HikariPool-3 - Start completed.
2025-11-15 21:43:00 INFO  [restartedMain] o.h.jpa.internal.util.LogHelper - HHH000204: Processing PersistenceUnitInfo [name: default]
2025-11-15 21:43:00 INFO  [restartedMain] o.h.c.i.RegionFactoryInitiator - HHH000026: Second-level cache disabled
2025-11-15 21:43:00 INFO  [restartedMain] o.s.o.j.p.SpringPersistenceUnitInfo - No LoadTimeWeaver setup: ignoring JPA class transformer
2025-11-15 21:43:01 INFO  [restartedMain] o.hibernate.orm.connections.pooling - HHH10001005: Database info:
	Database JDBC URL [Connecting through datasource 'HikariDataSource (HikariPool-3)']
	Database driver: undefined/unknown
	Database version: 17.6
	Autocommit mode: undefined/unknown
	Isolation level: undefined/unknown
	Minimum pool size: undefined/unknown
	Maximum pool size: undefined/unknown
2025-11-15 21:43:01 INFO  [restartedMain] o.h.e.t.j.p.i.JtaPlatformInitiator - HHH000489: No JTA platform available (set 'hibernate.transaction.jta.platform' to enable JTA platform integration)
2025-11-15 21:43:01 INFO  [restartedMain] o.s.o.j.LocalContainerEntityManagerFactoryBean - Initialized JPA EntityManagerFactory for persistence unit 'default'
2025-11-15 21:43:01 WARN  [restartedMain] o.s.b.a.o.j.JpaBaseConfiguration$JpaWebConfiguration - spring.jpa.open-in-view is enabled by default. Therefore, database queries may be performed during view rendering. Explicitly configure spring.jpa.open-in-view to disable this warning
2025-11-15 21:43:01 INFO  [restartedMain] o.s.v.b.OptionalValidatorFactoryBean - Failed to set up a Bean Validation provider: jakarta.validation.NoProviderFoundException: Unable to create a Configuration, because no Jakarta Bean Validation provider could be found. Add a provider like Hibernate Validator (RI) to your classpath.
2025-11-15 21:43:01 INFO  [restartedMain] o.s.b.d.a.OptionalLiveReloadServer - LiveReload server is running on port 35729
2025-11-15 21:43:02 INFO  [restartedMain] o.a.coyote.http11.Http11NioProtocol - Starting ProtocolHandler ["http-nio-8080"]
2025-11-15 21:43:02 INFO  [restartedMain] o.s.b.w.e.tomcat.TomcatWebServer - Tomcat started on port 8080 (http) with context path '/'
2025-11-15 21:43:02 INFO  [restartedMain] c.e.apigerman.ApigermanApplication - Started ApigermanApplication in 4.733 seconds (process running for 155.525)
2025-11-15 21:43:02 INFO  [restartedMain] o.s.b.d.a.ConditionEvaluationDeltaLoggingListener - Condition evaluation unchanged
2025-11-15 21:44:30 INFO  [File Watcher] o.s.b.d.a.LocalDevToolsAutoConfiguration$RestartingClassPathChangeChangedEventListener - Restarting due to 1 class path change (1 addition, 0 deletions, 0 modifications)
2025-11-15 21:44:30 INFO  [Thread-11] o.s.b.w.e.tomcat.GracefulShutdown - Commencing graceful shutdown. Waiting for active requests to complete
2025-11-15 21:44:30 INFO  [tomcat-shutdown] o.a.coyote.http11.Http11NioProtocol - Pausing ProtocolHandler ["http-nio-8080"]
2025-11-15 21:44:31 INFO  [tomcat-shutdown] o.s.b.w.e.tomcat.GracefulShutdown - Graceful shutdown complete
2025-11-15 21:44:31 INFO  [Thread-11] o.a.coyote.http11.Http11NioProtocol - Stopping ProtocolHandler ["http-nio-8080"]
2025-11-15 21:44:31 INFO  [Thread-11] o.s.o.j.LocalContainerEntityManagerFactoryBean - Closing JPA EntityManagerFactory for persistence unit 'default'
2025-11-15 21:44:31 INFO  [Thread-11] com.zaxxer.hikari.HikariDataSource - HikariPool-3 - Shutdown initiated...
2025-11-15 21:44:33 INFO  [Thread-11] com.zaxxer.hikari.HikariDataSource - HikariPool-3 - Shutdown completed.
2025-11-15 21:44:33 INFO  [restartedMain] c.e.apigerman.ApigermanApplication - Starting ApigermanApplication using Java 17.0.12 with PID 15348 (D:\Neo-Data\Rrom-Botto\E-studio\Uni\Neo-TESTING\Semestre 7\Sistemas Web y Distribuidos\Laboratorio\Entrega#3\apigerman\target\classes started by Usuario in D:\Neo-Data\Rrom-Botto\E-studio\Uni\Neo-TESTING\Semestre 7\Sistemas Web y Distribuidos\Laboratorio\Entrega#3\apigerman)
2025-11-15 21:44:33 DEBUG [restartedMain] c.e.apigerman.ApigermanApplication - Running with Spring Boot v3.5.7, Spring v6.2.12
2025-11-15 21:44:33 INFO  [restartedMain] c.e.apigerman.ApigermanApplication - No active profile set, falling back to 1 default profile: "default"
2025-11-15 21:44:33 INFO  [restartedMain] o.s.d.r.c.RepositoryConfigurationDelegate - Bootstrapping Spring Data JPA repositories in DEFAULT mode.
2025-11-15 21:44:33 INFO  [restartedMain] o.s.d.r.c.RepositoryConfigurationDelegate - Finished Spring Data repository scanning in 53 ms. Found 12 JPA repository interfaces.
2025-11-15 21:44:33 INFO  [restartedMain] o.s.b.w.e.tomcat.TomcatWebServer - Tomcat initialized with port 8080 (http)
2025-11-15 21:44:33 INFO  [restartedMain] o.a.coyote.http11.Http11NioProtocol - Initializing ProtocolHandler ["http-nio-8080"]
2025-11-15 21:44:33 INFO  [restartedMain] o.a.catalina.core.StandardService - Starting service [Tomcat]
2025-11-15 21:44:33 INFO  [restartedMain] o.a.catalina.core.StandardEngine - Starting Servlet engine: [Apache Tomcat/10.1.48]
2025-11-15 21:44:33 INFO  [restartedMain] o.a.c.c.C.[Tomcat].[localhost].[/] - Initializing Spring embedded WebApplicationContext
2025-11-15 21:44:33 INFO  [restartedMain] o.s.b.w.s.c.ServletWebServerApplicationContext - Root WebApplicationContext: initialization completed in 619 ms
2025-11-15 21:44:33 INFO  [restartedMain] com.zaxxer.hikari.HikariDataSource - HikariPool-4 - Starting...
2025-11-15 21:44:36 INFO  [restartedMain] com.zaxxer.hikari.pool.HikariPool - HikariPool-4 - Added connection org.postgresql.jdbc.PgConnection@741736a1
2025-11-15 21:44:36 INFO  [restartedMain] com.zaxxer.hikari.HikariDataSource - HikariPool-4 - Start completed.
2025-11-15 21:44:36 INFO  [restartedMain] o.h.jpa.internal.util.LogHelper - HHH000204: Processing PersistenceUnitInfo [name: default]
2025-11-15 21:44:36 INFO  [restartedMain] o.h.c.i.RegionFactoryInitiator - HHH000026: Second-level cache disabled
2025-11-15 21:44:36 INFO  [restartedMain] o.s.o.j.p.SpringPersistenceUnitInfo - No LoadTimeWeaver setup: ignoring JPA class transformer
2025-11-15 21:44:36 INFO  [restartedMain] o.hibernate.orm.connections.pooling - HHH10001005: Database info:
	Database JDBC URL [Connecting through datasource 'HikariDataSource (HikariPool-4)']
	Database driver: undefined/unknown
	Database version: 17.6
	Autocommit mode: undefined/unknown
	Isolation level: undefined/unknown
	Minimum pool size: undefined/unknown
	Maximum pool size: undefined/unknown
2025-11-15 21:44:37 INFO  [restartedMain] o.h.e.t.j.p.i.JtaPlatformInitiator - HHH000489: No JTA platform available (set 'hibernate.transaction.jta.platform' to enable JTA platform integration)
2025-11-15 21:44:37 INFO  [restartedMain] o.s.o.j.LocalContainerEntityManagerFactoryBean - Initialized JPA EntityManagerFactory for persistence unit 'default'
2025-11-15 21:44:37 WARN  [restartedMain] o.s.b.a.o.j.JpaBaseConfiguration$JpaWebConfiguration - spring.jpa.open-in-view is enabled by default. Therefore, database queries may be performed during view rendering. Explicitly configure spring.jpa.open-in-view to disable this warning
2025-11-15 21:44:37 INFO  [restartedMain] o.s.v.b.OptionalValidatorFactoryBean - Failed to set up a Bean Validation provider: jakarta.validation.NoProviderFoundException: Unable to create a Configuration, because no Jakarta Bean Validation provider could be found. Add a provider like Hibernate Validator (RI) to your classpath.
2025-11-15 21:44:37 INFO  [restartedMain] o.s.b.d.a.OptionalLiveReloadServer - LiveReload server is running on port 35729
2025-11-15 21:44:37 INFO  [restartedMain] o.a.coyote.http11.Http11NioProtocol - Starting ProtocolHandler ["http-nio-8080"]
2025-11-15 21:44:37 INFO  [restartedMain] o.s.b.w.e.tomcat.TomcatWebServer - Tomcat started on port 8080 (http) with context path '/'
2025-11-15 21:44:37 INFO  [restartedMain] c.e.apigerman.ApigermanApplication - Started ApigermanApplication in 4.332 seconds (process running for 251.081)
2025-11-15 21:44:37 INFO  [restartedMain] o.s.b.d.a.ConditionEvaluationDeltaLoggingListener - Condition evaluation unchanged
2025-11-15 21:45:13 INFO  [File Watcher] o.s.b.d.a.LocalDevToolsAutoConfiguration$RestartingClassPathChangeChangedEventListener - Restarting due to 20 class path changes (0 additions, 0 deletions, 20 modifications)
2025-11-15 21:45:13 INFO  [Thread-15] o.s.b.w.e.tomcat.GracefulShutdown - Commencing graceful shutdown. Waiting for active requests to complete
2025-11-15 21:45:13 INFO  [tomcat-shutdown] o.a.coyote.http11.Http11NioProtocol - Pausing ProtocolHandler ["http-nio-8080"]
2025-11-15 21:45:13 INFO  [tomcat-shutdown] o.s.b.w.e.tomcat.GracefulShutdown - Graceful shutdown complete
2025-11-15 21:45:13 INFO  [Thread-15] o.a.coyote.http11.Http11NioProtocol - Stopping ProtocolHandler ["http-nio-8080"]
2025-11-15 21:45:13 INFO  [Thread-15] o.s.o.j.LocalContainerEntityManagerFactoryBean - Closing JPA EntityManagerFactory for persistence unit 'default'
2025-11-15 21:45:13 INFO  [Thread-15] com.zaxxer.hikari.HikariDataSource - HikariPool-4 - Shutdown initiated...
2025-11-15 21:45:15 INFO  [Thread-15] com.zaxxer.hikari.HikariDataSource - HikariPool-4 - Shutdown completed.
2025-11-15 21:45:15 INFO  [restartedMain] c.e.apigerman.ApigermanApplication - Starting ApigermanApplication using Java 17.0.12 with PID 15348 (D:\Neo-Data\Rrom-Botto\E-studio\Uni\Neo-TESTING\Semestre 7\Sistemas Web y Distribuidos\Laboratorio\Entrega#3\apigerman\target\classes started by Usuario in D:\Neo-Data\Rrom-Botto\E-studio\Uni\Neo-TESTING\Semestre 7\Sistemas Web y Distribuidos\Laboratorio\Entrega#3\apigerman)
2025-11-15 21:45:15 DEBUG [restartedMain] c.e.apigerman.ApigermanApplication - Running with Spring Boot v3.5.7, Spring v6.2.12
2025-11-15 21:45:15 INFO  [restartedMain] c.e.apigerman.ApigermanApplication - No active profile set, falling back to 1 default profile: "default"
2025-11-15 21:45:16 INFO  [restartedMain] o.s.d.r.c.RepositoryConfigurationDelegate - Bootstrapping Spring Data JPA repositories in DEFAULT mode.
2025-11-15 21:45:16 INFO  [restartedMain] o.s.d.r.c.RepositoryConfigurationDelegate - Finished Spring Data repository scanning in 89 ms. Found 12 JPA repository interfaces.
2025-11-15 21:45:16 INFO  [restartedMain] o.s.b.w.e.tomcat.TomcatWebServer - Tomcat initialized with port 8080 (http)
2025-11-15 21:45:16 INFO  [restartedMain] o.a.coyote.http11.Http11NioProtocol - Initializing ProtocolHandler ["http-nio-8080"]
2025-11-15 21:45:16 INFO  [restartedMain] o.a.catalina.core.StandardService - Starting service [Tomcat]
2025-11-15 21:45:16 INFO  [restartedMain] o.a.catalina.core.StandardEngine - Starting Servlet engine: [Apache Tomcat/10.1.48]
2025-11-15 21:45:16 INFO  [restartedMain] o.a.c.c.C.[Tomcat].[localhost].[/] - Initializing Spring embedded WebApplicationContext
2025-11-15 21:45:16 INFO  [restartedMain] o.s.b.w.s.c.ServletWebServerApplicationContext - Root WebApplicationContext: initialization completed in 1230 ms
2025-11-15 21:45:17 INFO  [restartedMain] com.zaxxer.hikari.HikariDataSource - HikariPool-5 - Starting...
2025-11-15 21:45:19 INFO  [restartedMain] com.zaxxer.hikari.pool.HikariPool - HikariPool-5 - Added connection org.postgresql.jdbc.PgConnection@50d7972d
2025-11-15 21:45:19 INFO  [restartedMain] com.zaxxer.hikari.HikariDataSource - HikariPool-5 - Start completed.
2025-11-15 21:45:19 INFO  [restartedMain] o.h.jpa.internal.util.LogHelper - HHH000204: Processing PersistenceUnitInfo [name: default]
2025-11-15 21:45:19 INFO  [restartedMain] o.h.c.i.RegionFactoryInitiator - HHH000026: Second-level cache disabled
2025-11-15 21:45:19 INFO  [restartedMain] o.s.o.j.p.SpringPersistenceUnitInfo - No LoadTimeWeaver setup: ignoring JPA class transformer
2025-11-15 21:45:19 INFO  [restartedMain] o.hibernate.orm.connections.pooling - HHH10001005: Database info:
	Database JDBC URL [Connecting through datasource 'HikariDataSource (HikariPool-5)']
	Database driver: undefined/unknown
	Database version: 17.6
	Autocommit mode: undefined/unknown
	Isolation level: undefined/unknown
	Minimum pool size: undefined/unknown
	Maximum pool size: undefined/unknown
2025-11-15 21:45:20 INFO  [restartedMain] o.h.e.t.j.p.i.JtaPlatformInitiator - HHH000489: No JTA platform available (set 'hibernate.transaction.jta.platform' to enable JTA platform integration)
2025-11-15 21:45:20 INFO  [restartedMain] o.s.o.j.LocalContainerEntityManagerFactoryBean - Initialized JPA EntityManagerFactory for persistence unit 'default'
2025-11-15 21:45:20 WARN  [restartedMain] o.s.b.a.o.j.JpaBaseConfiguration$JpaWebConfiguration - spring.jpa.open-in-view is enabled by default. Therefore, database queries may be performed during view rendering. Explicitly configure spring.jpa.open-in-view to disable this warning
2025-11-15 21:45:20 INFO  [restartedMain] o.s.v.b.OptionalValidatorFactoryBean - Failed to set up a Bean Validation provider: jakarta.validation.NoProviderFoundException: Unable to create a Configuration, because no Jakarta Bean Validation provider could be found. Add a provider like Hibernate Validator (RI) to your classpath.
2025-11-15 21:45:20 INFO  [restartedMain] o.s.b.d.a.OptionalLiveReloadServer - LiveReload server is running on port 35729
2025-11-15 21:45:20 INFO  [restartedMain] o.a.coyote.http11.Http11NioProtocol - Starting ProtocolHandler ["http-nio-8080"]
2025-11-15 21:45:20 INFO  [restartedMain] o.s.b.w.e.tomcat.TomcatWebServer - Tomcat started on port 8080 (http) with context path '/'
2025-11-15 21:45:20 INFO  [restartedMain] c.e.apigerman.ApigermanApplication - Started ApigermanApplication in 5.025 seconds (process running for 294.191)
2025-11-15 21:45:20 INFO  [restartedMain] o.s.b.d.a.ConditionEvaluationDeltaLoggingListener - Condition evaluation unchanged
2025-11-15 21:45:22 INFO  [File Watcher] o.s.b.d.a.LocalDevToolsAutoConfiguration$RestartingClassPathChangeChangedEventListener - Restarting due to 1 class path change (0 additions, 0 deletions, 1 modification)
2025-11-15 21:45:22 INFO  [Thread-19] o.s.b.w.e.tomcat.GracefulShutdown - Commencing graceful shutdown. Waiting for active requests to complete
2025-11-15 21:45:22 INFO  [tomcat-shutdown] o.a.coyote.http11.Http11NioProtocol - Pausing ProtocolHandler ["http-nio-8080"]
2025-11-15 21:45:22 INFO  [tomcat-shutdown] o.s.b.w.e.tomcat.GracefulShutdown - Graceful shutdown complete
2025-11-15 21:45:22 INFO  [Thread-19] o.a.coyote.http11.Http11NioProtocol - Stopping ProtocolHandler ["http-nio-8080"]
2025-11-15 21:45:22 INFO  [Thread-19] o.s.o.j.LocalContainerEntityManagerFactoryBean - Closing JPA EntityManagerFactory for persistence unit 'default'
2025-11-15 21:45:22 INFO  [Thread-19] com.zaxxer.hikari.HikariDataSource - HikariPool-5 - Shutdown initiated...
2025-11-15 21:45:22 INFO  [Thread-19] com.zaxxer.hikari.HikariDataSource - HikariPool-5 - Shutdown completed.
2025-11-15 21:45:23 INFO  [restartedMain] c.e.apigerman.ApigermanApplication - Starting ApigermanApplication using Java 17.0.12 with PID 15348 (D:\Neo-Data\Rrom-Botto\E-studio\Uni\Neo-TESTING\Semestre 7\Sistemas Web y Distribuidos\Laboratorio\Entrega#3\apigerman\target\classes started by Usuario in D:\Neo-Data\Rrom-Botto\E-studio\Uni\Neo-TESTING\Semestre 7\Sistemas Web y Distribuidos\Laboratorio\Entrega#3\apigerman)
2025-11-15 21:45:23 DEBUG [restartedMain] c.e.apigerman.ApigermanApplication - Running with Spring Boot v3.5.7, Spring v6.2.12
2025-11-15 21:45:23 INFO  [restartedMain] c.e.apigerman.ApigermanApplication - No active profile set, falling back to 1 default profile: "default"
2025-11-15 21:45:23 INFO  [restartedMain] o.s.d.r.c.RepositoryConfigurationDelegate - Bootstrapping Spring Data JPA repositories in DEFAULT mode.
2025-11-15 21:45:23 INFO  [restartedMain] o.s.d.r.c.RepositoryConfigurationDelegate - Finished Spring Data repository scanning in 93 ms. Found 12 JPA repository interfaces.
2025-11-15 21:45:23 INFO  [restartedMain] o.s.b.w.e.tomcat.TomcatWebServer - Tomcat initialized with port 8080 (http)
2025-11-15 21:45:23 INFO  [restartedMain] o.a.coyote.http11.Http11NioProtocol - Initializing ProtocolHandler ["http-nio-8080"]
2025-11-15 21:45:23 INFO  [restartedMain] o.a.catalina.core.StandardService - Starting service [Tomcat]
2025-11-15 21:45:23 INFO  [restartedMain] o.a.catalina.core.StandardEngine - Starting Servlet engine: [Apache Tomcat/10.1.48]
2025-11-15 21:45:23 INFO  [restartedMain] o.a.c.c.C.[Tomcat].[localhost].[/] - Initializing Spring embedded WebApplicationContext
2025-11-15 21:45:23 INFO  [restartedMain] o.s.b.w.s.c.ServletWebServerApplicationContext - Root WebApplicationContext: initialization completed in 701 ms
2025-11-15 21:45:23 INFO  [restartedMain] com.zaxxer.hikari.HikariDataSource - HikariPool-6 - Starting...
2025-11-15 21:45:25 INFO  [restartedMain] com.zaxxer.hikari.pool.HikariPool - HikariPool-6 - Added connection org.postgresql.jdbc.PgConnection@568fe981
2025-11-15 21:45:25 INFO  [restartedMain] com.zaxxer.hikari.HikariDataSource - HikariPool-6 - Start completed.
2025-11-15 21:45:25 INFO  [restartedMain] o.h.jpa.internal.util.LogHelper - HHH000204: Processing PersistenceUnitInfo [name: default]
2025-11-15 21:45:25 INFO  [restartedMain] o.h.c.i.RegionFactoryInitiator - HHH000026: Second-level cache disabled
2025-11-15 21:45:25 INFO  [restartedMain] o.s.o.j.p.SpringPersistenceUnitInfo - No LoadTimeWeaver setup: ignoring JPA class transformer
2025-11-15 21:45:26 INFO  [restartedMain] o.hibernate.orm.connections.pooling - HHH10001005: Database info:
	Database JDBC URL [Connecting through datasource 'HikariDataSource (HikariPool-6)']
	Database driver: undefined/unknown
	Database version: 17.6
	Autocommit mode: undefined/unknown
	Isolation level: undefined/unknown
	Minimum pool size: undefined/unknown
	Maximum pool size: undefined/unknown
2025-11-15 21:45:26 INFO  [restartedMain] o.h.e.t.j.p.i.JtaPlatformInitiator - HHH000489: No JTA platform available (set 'hibernate.transaction.jta.platform' to enable JTA platform integration)
2025-11-15 21:45:26 INFO  [restartedMain] o.s.o.j.LocalContainerEntityManagerFactoryBean - Initialized JPA EntityManagerFactory for persistence unit 'default'
2025-11-15 21:45:27 WARN  [restartedMain] o.s.b.a.o.j.JpaBaseConfiguration$JpaWebConfiguration - spring.jpa.open-in-view is enabled by default. Therefore, database queries may be performed during view rendering. Explicitly configure spring.jpa.open-in-view to disable this warning
2025-11-15 21:45:27 INFO  [restartedMain] o.s.v.b.OptionalValidatorFactoryBean - Failed to set up a Bean Validation provider: jakarta.validation.NoProviderFoundException: Unable to create a Configuration, because no Jakarta Bean Validation provider could be found. Add a provider like Hibernate Validator (RI) to your classpath.
2025-11-15 21:45:27 INFO  [restartedMain] o.s.b.d.a.OptionalLiveReloadServer - LiveReload server is running on port 35729
2025-11-15 21:45:27 INFO  [restartedMain] o.a.coyote.http11.Http11NioProtocol - Starting ProtocolHandler ["http-nio-8080"]
2025-11-15 21:45:27 INFO  [restartedMain] o.s.b.w.e.tomcat.TomcatWebServer - Tomcat started on port 8080 (http) with context path '/'
2025-11-15 21:45:27 INFO  [restartedMain] c.e.apigerman.ApigermanApplication - Started ApigermanApplication in 4.438 seconds (process running for 300.941)
2025-11-15 21:45:27 INFO  [restartedMain] o.s.b.d.a.ConditionEvaluationDeltaLoggingListener - Condition evaluation unchanged
2025-11-15 21:45:28 INFO  [File Watcher] o.s.b.d.a.LocalDevToolsAutoConfiguration$RestartingClassPathChangeChangedEventListener - Restarting due to 1 class path change (0 additions, 0 deletions, 1 modification)
2025-11-15 21:45:28 INFO  [Thread-23] o.s.b.w.e.tomcat.GracefulShutdown - Commencing graceful shutdown. Waiting for active requests to complete
2025-11-15 21:45:28 INFO  [tomcat-shutdown] o.a.coyote.http11.Http11NioProtocol - Pausing ProtocolHandler ["http-nio-8080"]
2025-11-15 21:45:29 INFO  [tomcat-shutdown] o.s.b.w.e.tomcat.GracefulShutdown - Graceful shutdown complete
2025-11-15 21:45:29 INFO  [Thread-23] o.a.coyote.http11.Http11NioProtocol - Stopping ProtocolHandler ["http-nio-8080"]
2025-11-15 21:45:29 INFO  [Thread-23] o.s.o.j.LocalContainerEntityManagerFactoryBean - Closing JPA EntityManagerFactory for persistence unit 'default'
2025-11-15 21:45:29 INFO  [Thread-23] com.zaxxer.hikari.HikariDataSource - HikariPool-6 - Shutdown initiated...
2025-11-15 21:45:29 INFO  [Thread-23] com.zaxxer.hikari.HikariDataSource - HikariPool-6 - Shutdown completed.
2025-11-15 21:45:29 INFO  [restartedMain] c.e.apigerman.ApigermanApplication - Starting ApigermanApplication using Java 17.0.12 with PID 15348 (D:\Neo-Data\Rrom-Botto\E-studio\Uni\Neo-TESTING\Semestre 7\Sistemas Web y Distribuidos\Laboratorio\Entrega#3\apigerman\target\classes started by Usuario in D:\Neo-Data\Rrom-Botto\E-studio\Uni\Neo-TESTING\Semestre 7\Sistemas Web y Distribuidos\Laboratorio\Entrega#3\apigerman)
2025-11-15 21:45:29 DEBUG [restartedMain] c.e.apigerman.ApigermanApplication - Running with Spring Boot v3.5.7, Spring v6.2.12
2025-11-15 21:45:29 INFO  [restartedMain] c.e.apigerman.ApigermanApplication - No active profile set, falling back to 1 default profile: "default"
2025-11-15 21:45:30 INFO  [restartedMain] o.s.d.r.c.RepositoryConfigurationDelegate - Bootstrapping Spring Data JPA repositories in DEFAULT mode.
2025-11-15 21:45:30 INFO  [restartedMain] o.s.d.r.c.RepositoryConfigurationDelegate - Finished Spring Data repository scanning in 91 ms. Found 12 JPA repository interfaces.
2025-11-15 21:45:30 INFO  [restartedMain] o.s.b.w.e.tomcat.TomcatWebServer - Tomcat initialized with port 8080 (http)
2025-11-15 21:45:30 INFO  [restartedMain] o.a.coyote.http11.Http11NioProtocol - Initializing ProtocolHandler ["http-nio-8080"]
2025-11-15 21:45:30 INFO  [restartedMain] o.a.catalina.core.StandardService - Starting service [Tomcat]
2025-11-15 21:45:30 INFO  [restartedMain] o.a.catalina.core.StandardEngine - Starting Servlet engine: [Apache Tomcat/10.1.48]
2025-11-15 21:45:30 INFO  [restartedMain] o.a.c.c.C.[Tomcat].[localhost].[/] - Initializing Spring embedded WebApplicationContext
2025-11-15 21:45:30 INFO  [restartedMain] o.s.b.w.s.c.ServletWebServerApplicationContext - Root WebApplicationContext: initialization completed in 911 ms
2025-11-15 21:45:30 INFO  [restartedMain] com.zaxxer.hikari.HikariDataSource - HikariPool-7 - Starting...
2025-11-15 21:45:32 INFO  [restartedMain] com.zaxxer.hikari.pool.HikariPool - HikariPool-7 - Added connection org.postgresql.jdbc.PgConnection@1ca2ac31
2025-11-15 21:45:32 INFO  [restartedMain] com.zaxxer.hikari.HikariDataSource - HikariPool-7 - Start completed.
2025-11-15 21:45:32 INFO  [restartedMain] o.h.jpa.internal.util.LogHelper - HHH000204: Processing PersistenceUnitInfo [name: default]
2025-11-15 21:45:32 INFO  [restartedMain] o.h.c.i.RegionFactoryInitiator - HHH000026: Second-level cache disabled
2025-11-15 21:45:32 INFO  [restartedMain] o.s.o.j.p.SpringPersistenceUnitInfo - No LoadTimeWeaver setup: ignoring JPA class transformer
2025-11-15 21:45:33 INFO  [restartedMain] o.hibernate.orm.connections.pooling - HHH10001005: Database info:
	Database JDBC URL [Connecting through datasource 'HikariDataSource (HikariPool-7)']
	Database driver: undefined/unknown
	Database version: 17.6
	Autocommit mode: undefined/unknown
	Isolation level: undefined/unknown
	Minimum pool size: undefined/unknown
	Maximum pool size: undefined/unknown
2025-11-15 21:45:34 INFO  [restartedMain] o.h.e.t.j.p.i.JtaPlatformInitiator - HHH000489: No JTA platform available (set 'hibernate.transaction.jta.platform' to enable JTA platform integration)
2025-11-15 21:45:34 INFO  [restartedMain] o.s.o.j.LocalContainerEntityManagerFactoryBean - Initialized JPA EntityManagerFactory for persistence unit 'default'
2025-11-15 21:45:34 WARN  [restartedMain] o.s.b.a.o.j.JpaBaseConfiguration$JpaWebConfiguration - spring.jpa.open-in-view is enabled by default. Therefore, database queries may be performed during view rendering. Explicitly configure spring.jpa.open-in-view to disable this warning
2025-11-15 21:45:34 INFO  [restartedMain] o.s.v.b.OptionalValidatorFactoryBean - Failed to set up a Bean Validation provider: jakarta.validation.NoProviderFoundException: Unable to create a Configuration, because no Jakarta Bean Validation provider could be found. Add a provider like Hibernate Validator (RI) to your classpath.
2025-11-15 21:45:34 INFO  [restartedMain] o.s.b.d.a.OptionalLiveReloadServer - LiveReload server is running on port 35729
2025-11-15 21:45:34 INFO  [restartedMain] o.a.coyote.http11.Http11NioProtocol - Starting ProtocolHandler ["http-nio-8080"]
2025-11-15 21:45:34 INFO  [restartedMain] o.s.b.w.e.tomcat.TomcatWebServer - Tomcat started on port 8080 (http) with context path '/'
2025-11-15 21:45:34 INFO  [restartedMain] c.e.apigerman.ApigermanApplication - Started ApigermanApplication in 4.919 seconds (process running for 308.236)
2025-11-15 21:45:34 INFO  [restartedMain] o.s.b.d.a.ConditionEvaluationDeltaLoggingListener - Condition evaluation unchanged
2025-11-15 21:45:36 INFO  [File Watcher] o.s.b.d.a.LocalDevToolsAutoConfiguration$RestartingClassPathChangeChangedEventListener - Restarting due to 1 class path change (0 additions, 0 deletions, 1 modification)
2025-11-15 21:45:36 INFO  [Thread-27] o.s.b.w.e.tomcat.GracefulShutdown - Commencing graceful shutdown. Waiting for active requests to complete
2025-11-15 21:45:36 INFO  [tomcat-shutdown] o.a.coyote.http11.Http11NioProtocol - Pausing ProtocolHandler ["http-nio-8080"]
2025-11-15 21:45:36 INFO  [tomcat-shutdown] o.s.b.w.e.tomcat.GracefulShutdown - Graceful shutdown complete
2025-11-15 21:45:36 INFO  [Thread-27] o.a.coyote.http11.Http11NioProtocol - Stopping ProtocolHandler ["http-nio-8080"]
2025-11-15 21:45:36 INFO  [Thread-27] o.s.o.j.LocalContainerEntityManagerFactoryBean - Closing JPA EntityManagerFactory for persistence unit 'default'
2025-11-15 21:45:36 INFO  [Thread-27] com.zaxxer.hikari.HikariDataSource - HikariPool-7 - Shutdown initiated...
2025-11-15 21:45:38 INFO  [Thread-27] com.zaxxer.hikari.HikariDataSource - HikariPool-7 - Shutdown completed.
2025-11-15 21:45:38 INFO  [restartedMain] c.e.apigerman.ApigermanApplication - Starting ApigermanApplication using Java 17.0.12 with PID 15348 (D:\Neo-Data\Rrom-Botto\E-studio\Uni\Neo-TESTING\Semestre 7\Sistemas Web y Distribuidos\Laboratorio\Entrega#3\apigerman\target\classes started by Usuario in D:\Neo-Data\Rrom-Botto\E-studio\Uni\Neo-TESTING\Semestre 7\Sistemas Web y Distribuidos\Laboratorio\Entrega#3\apigerman)
2025-11-15 21:45:38 DEBUG [restartedMain] c.e.apigerman.ApigermanApplication - Running with Spring Boot v3.5.7, Spring v6.2.12
2025-11-15 21:45:38 INFO  [restartedMain] c.e.apigerman.ApigermanApplication - No active profile set, falling back to 1 default profile: "default"
2025-11-15 21:45:38 INFO  [restartedMain] o.s.d.r.c.RepositoryConfigurationDelegate - Bootstrapping Spring Data JPA repositories in DEFAULT mode.
2025-11-15 21:45:38 INFO  [restartedMain] o.s.d.r.c.RepositoryConfigurationDelegate - Finished Spring Data repository scanning in 51 ms. Found 12 JPA repository interfaces.
2025-11-15 21:45:39 INFO  [restartedMain] o.s.b.w.e.tomcat.TomcatWebServer - Tomcat initialized with port 8080 (http)
2025-11-15 21:45:39 INFO  [restartedMain] o.a.coyote.http11.Http11NioProtocol - Initializing ProtocolHandler ["http-nio-8080"]
2025-11-15 21:45:39 INFO  [restartedMain] o.a.catalina.core.StandardService - Starting service [Tomcat]
2025-11-15 21:45:39 INFO  [restartedMain] o.a.catalina.core.StandardEngine - Starting Servlet engine: [Apache Tomcat/10.1.48]
2025-11-15 21:45:39 INFO  [restartedMain] o.a.c.c.C.[Tomcat].[localhost].[/] - Initializing Spring embedded WebApplicationContext
2025-11-15 21:45:39 INFO  [restartedMain] o.s.b.w.s.c.ServletWebServerApplicationContext - Root WebApplicationContext: initialization completed in 841 ms
2025-11-15 21:45:39 INFO  [restartedMain] com.zaxxer.hikari.HikariDataSource - HikariPool-8 - Starting...
2025-11-15 21:45:41 INFO  [restartedMain] com.zaxxer.hikari.pool.HikariPool - HikariPool-8 - Added connection org.postgresql.jdbc.PgConnection@29c2f4e
2025-11-15 21:45:41 INFO  [restartedMain] com.zaxxer.hikari.HikariDataSource - HikariPool-8 - Start completed.
2025-11-15 21:45:41 INFO  [restartedMain] o.h.jpa.internal.util.LogHelper - HHH000204: Processing PersistenceUnitInfo [name: default]
2025-11-15 21:45:41 INFO  [restartedMain] o.h.c.i.RegionFactoryInitiator - HHH000026: Second-level cache disabled
2025-11-15 21:45:41 INFO  [restartedMain] o.s.o.j.p.SpringPersistenceUnitInfo - No LoadTimeWeaver setup: ignoring JPA class transformer
2025-11-15 21:45:41 INFO  [restartedMain] o.hibernate.orm.connections.pooling - HHH10001005: Database info:
	Database JDBC URL [Connecting through datasource 'HikariDataSource (HikariPool-8)']
	Database driver: undefined/unknown
	Database version: 17.6
	Autocommit mode: undefined/unknown
	Isolation level: undefined/unknown
	Minimum pool size: undefined/unknown
	Maximum pool size: undefined/unknown
2025-11-15 21:45:42 INFO  [restartedMain] o.h.e.t.j.p.i.JtaPlatformInitiator - HHH000489: No JTA platform available (set 'hibernate.transaction.jta.platform' to enable JTA platform integration)
2025-11-15 21:45:42 INFO  [restartedMain] o.s.o.j.LocalContainerEntityManagerFactoryBean - Initialized JPA EntityManagerFactory for persistence unit 'default'
2025-11-15 21:45:42 WARN  [restartedMain] o.s.b.a.o.j.JpaBaseConfiguration$JpaWebConfiguration - spring.jpa.open-in-view is enabled by default. Therefore, database queries may be performed during view rendering. Explicitly configure spring.jpa.open-in-view to disable this warning
2025-11-15 21:45:42 INFO  [restartedMain] o.s.v.b.OptionalValidatorFactoryBean - Failed to set up a Bean Validation provider: jakarta.validation.NoProviderFoundException: Unable to create a Configuration, because no Jakarta Bean Validation provider could be found. Add a provider like Hibernate Validator (RI) to your classpath.
2025-11-15 21:45:42 INFO  [restartedMain] o.s.b.d.a.OptionalLiveReloadServer - LiveReload server is running on port 35729
2025-11-15 21:45:42 INFO  [restartedMain] o.a.coyote.http11.Http11NioProtocol - Starting ProtocolHandler ["http-nio-8080"]
2025-11-15 21:45:42 INFO  [restartedMain] o.s.b.w.e.tomcat.TomcatWebServer - Tomcat started on port 8080 (http) with context path '/'
2025-11-15 21:45:42 INFO  [restartedMain] c.e.apigerman.ApigermanApplication - Started ApigermanApplication in 4.428 seconds (process running for 316.1)
2025-11-15 21:45:42 INFO  [restartedMain] o.s.b.d.a.ConditionEvaluationDeltaLoggingListener - Condition evaluation unchanged
2025-11-15 21:45:46 INFO  [http-nio-8080-exec-1] o.a.c.c.C.[Tomcat].[localhost].[/] - Initializing Spring DispatcherServlet 'dispatcherServlet'
2025-11-15 21:45:46 INFO  [http-nio-8080-exec-1] o.s.web.servlet.DispatcherServlet - Initializing Servlet 'dispatcherServlet'
2025-11-15 21:45:46 INFO  [http-nio-8080-exec-1] o.s.web.servlet.DispatcherServlet - Completed initialization in 4 ms
2025-11-15 21:45:47 WARN  [http-nio-8080-exec-4] o.s.w.s.m.m.a.ExceptionHandlerExceptionResolver - Resolved [jakarta.servlet.ServletException: Handler dispatch failed: java.lang.NoSuchMethodError: 'void org.springframework.web.method.ControllerAdviceBean.<init>(java.lang.Object)']
2025-11-15 21:45:50 INFO  [SpringApplicationShutdownHook] o.s.b.w.e.tomcat.GracefulShutdown - Commencing graceful shutdown. Waiting for active requests to complete
2025-11-15 21:45:50 INFO  [tomcat-shutdown] o.s.b.w.e.tomcat.GracefulShutdown - Graceful shutdown complete
2025-11-15 21:45:50 INFO  [SpringApplicationShutdownHook] o.s.o.j.LocalContainerEntityManagerFactoryBean - Closing JPA EntityManagerFactory for persistence unit 'default'
2025-11-15 21:45:50 INFO  [SpringApplicationShutdownHook] com.zaxxer.hikari.HikariDataSource - HikariPool-8 - Shutdown initiated...
2025-11-15 21:45:51 INFO  [SpringApplicationShutdownHook] com.zaxxer.hikari.HikariDataSource - HikariPool-8 - Shutdown completed.
2025-11-15 21:46:35 INFO  [restartedMain] c.e.apigerman.ApigermanApplication - Starting ApigermanApplication using Java 17.0.12 with PID 2924 (D:\Neo-Data\Rrom-Botto\E-studio\Uni\Neo-TESTING\Semestre 7\Sistemas Web y Distribuidos\Laboratorio\Entrega#3\apigerman\target\classes started by Usuario in D:\Neo-Data\Rrom-Botto\E-studio\Uni\Neo-TESTING\Semestre 7\Sistemas Web y Distribuidos\Laboratorio\Entrega#3\apigerman)
2025-11-15 21:46:35 DEBUG [restartedMain] c.e.apigerman.ApigermanApplication - Running with Spring Boot v3.5.7, Spring v6.2.12
2025-11-15 21:46:35 INFO  [restartedMain] c.e.apigerman.ApigermanApplication - No active profile set, falling back to 1 default profile: "default"
2025-11-15 21:46:35 INFO  [restartedMain] o.s.b.d.e.DevToolsPropertyDefaultsPostProcessor - Devtools property defaults active! Set 'spring.devtools.add-properties' to 'false' to disable
2025-11-15 21:46:35 INFO  [restartedMain] o.s.b.d.e.DevToolsPropertyDefaultsPostProcessor - For additional web related logging consider setting the 'logging.level.web' property to 'DEBUG'
2025-11-15 21:46:37 INFO  [restartedMain] o.s.d.r.c.RepositoryConfigurationDelegate - Bootstrapping Spring Data JPA repositories in DEFAULT mode.
2025-11-15 21:46:37 INFO  [restartedMain] o.s.d.r.c.RepositoryConfigurationDelegate - Finished Spring Data repository scanning in 150 ms. Found 12 JPA repository interfaces.
2025-11-15 21:46:38 INFO  [restartedMain] o.s.b.w.e.tomcat.TomcatWebServer - Tomcat initialized with port 8080 (http)
2025-11-15 21:46:38 INFO  [restartedMain] o.a.coyote.http11.Http11NioProtocol - Initializing ProtocolHandler ["http-nio-8080"]
2025-11-15 21:46:38 INFO  [restartedMain] o.a.catalina.core.StandardService - Starting service [Tomcat]
2025-11-15 21:46:38 INFO  [restartedMain] o.a.catalina.core.StandardEngine - Starting Servlet engine: [Apache Tomcat/10.1.48]
2025-11-15 21:46:38 INFO  [restartedMain] o.a.c.c.C.[Tomcat].[localhost].[/] - Initializing Spring embedded WebApplicationContext
2025-11-15 21:46:38 INFO  [restartedMain] o.s.b.w.s.c.ServletWebServerApplicationContext - Root WebApplicationContext: initialization completed in 3130 ms
2025-11-15 21:46:38 INFO  [restartedMain] com.zaxxer.hikari.HikariDataSource - HikariPool-1 - Starting...
2025-11-15 21:46:41 INFO  [restartedMain] com.zaxxer.hikari.pool.HikariPool - HikariPool-1 - Added connection org.postgresql.jdbc.PgConnection@c701569
2025-11-15 21:46:41 INFO  [restartedMain] com.zaxxer.hikari.HikariDataSource - HikariPool-1 - Start completed.
2025-11-15 21:46:41 INFO  [restartedMain] o.h.jpa.internal.util.LogHelper - HHH000204: Processing PersistenceUnitInfo [name: default]
2025-11-15 21:46:41 INFO  [restartedMain] org.hibernate.Version - HHH000412: Hibernate ORM core version 6.6.33.Final
2025-11-15 21:46:41 INFO  [restartedMain] o.h.c.i.RegionFactoryInitiator - HHH000026: Second-level cache disabled
2025-11-15 21:46:41 INFO  [restartedMain] o.s.o.j.p.SpringPersistenceUnitInfo - No LoadTimeWeaver setup: ignoring JPA class transformer
2025-11-15 21:46:43 INFO  [restartedMain] o.hibernate.orm.connections.pooling - HHH10001005: Database info:
	Database JDBC URL [Connecting through datasource 'HikariDataSource (HikariPool-1)']
	Database driver: undefined/unknown
	Database version: 17.6
	Autocommit mode: undefined/unknown
	Isolation level: undefined/unknown
	Minimum pool size: undefined/unknown
	Maximum pool size: undefined/unknown
2025-11-15 21:46:45 INFO  [restartedMain] o.h.e.t.j.p.i.JtaPlatformInitiator - HHH000489: No JTA platform available (set 'hibernate.transaction.jta.platform' to enable JTA platform integration)
2025-11-15 21:46:45 INFO  [restartedMain] o.s.o.j.LocalContainerEntityManagerFactoryBean - Initialized JPA EntityManagerFactory for persistence unit 'default'
2025-11-15 21:46:45 WARN  [restartedMain] o.s.b.a.o.j.JpaBaseConfiguration$JpaWebConfiguration - spring.jpa.open-in-view is enabled by default. Therefore, database queries may be performed during view rendering. Explicitly configure spring.jpa.open-in-view to disable this warning
2025-11-15 21:46:46 INFO  [restartedMain] o.s.v.b.OptionalValidatorFactoryBean - Failed to set up a Bean Validation provider: jakarta.validation.NoProviderFoundException: Unable to create a Configuration, because no Jakarta Bean Validation provider could be found. Add a provider like Hibernate Validator (RI) to your classpath.
2025-11-15 21:46:47 INFO  [restartedMain] o.s.b.d.a.OptionalLiveReloadServer - LiveReload server is running on port 35729
2025-11-15 21:46:47 INFO  [restartedMain] o.a.coyote.http11.Http11NioProtocol - Starting ProtocolHandler ["http-nio-8080"]
2025-11-15 21:46:47 INFO  [restartedMain] o.s.b.w.e.tomcat.TomcatWebServer - Tomcat started on port 8080 (http) with context path '/'
2025-11-15 21:46:47 INFO  [restartedMain] c.e.apigerman.ApigermanApplication - Started ApigermanApplication in 13.113 seconds (process running for 14.172)
2025-11-15 21:46:51 INFO  [http-nio-8080-exec-1] o.a.c.c.C.[Tomcat].[localhost].[/] - Initializing Spring DispatcherServlet 'dispatcherServlet'
2025-11-15 21:46:51 INFO  [http-nio-8080-exec-1] o.s.web.servlet.DispatcherServlet - Initializing Servlet 'dispatcherServlet'
2025-11-15 21:46:51 INFO  [http-nio-8080-exec-1] o.s.web.servlet.DispatcherServlet - Completed initialization in 2 ms
2025-11-15 21:46:52 WARN  [http-nio-8080-exec-4] o.s.w.s.m.m.a.ExceptionHandlerExceptionResolver - Resolved [jakarta.servlet.ServletException: Handler dispatch failed: java.lang.NoSuchMethodError: 'void org.springframework.web.method.ControllerAdviceBean.<init>(java.lang.Object)']
2025-11-15 21:46:59 WARN  [http-nio-8080-exec-5] o.s.w.s.m.m.a.ExceptionHandlerExceptionResolver - Resolved [jakarta.servlet.ServletException: Handler dispatch failed: java.lang.NoSuchMethodError: 'void org.springframework.web.method.ControllerAdviceBean.<init>(java.lang.Object)']
2025-11-15 21:46:59 WARN  [http-nio-8080-exec-6] o.s.w.s.m.m.a.ExceptionHandlerExceptionResolver - Resolved [org.springframework.web.servlet.resource.NoResourceFoundException: No static resource favicon.ico.]
2025-11-15 21:49:37 INFO  [SpringApplicationShutdownHook] o.s.b.w.e.tomcat.GracefulShutdown - Commencing graceful shutdown. Waiting for active requests to complete
2025-11-15 21:49:37 INFO  [tomcat-shutdown] o.s.b.w.e.tomcat.GracefulShutdown - Graceful shutdown complete
2025-11-15 21:49:37 INFO  [SpringApplicationShutdownHook] o.s.o.j.LocalContainerEntityManagerFactoryBean - Closing JPA EntityManagerFactory for persistence unit 'default'
2025-11-15 21:49:37 INFO  [SpringApplicationShutdownHook] com.zaxxer.hikari.HikariDataSource - HikariPool-1 - Shutdown initiated...
2025-11-15 21:49:39 INFO  [SpringApplicationShutdownHook] com.zaxxer.hikari.HikariDataSource - HikariPool-1 - Shutdown completed.
2025-11-15 21:55:31 INFO  [restartedMain] c.e.apigerman.ApigermanApplication - Starting ApigermanApplication using Java 17.0.12 with PID 11804 (D:\Neo-Data\Rrom-Botto\E-studio\Uni\Neo-TESTING\Semestre 7\Sistemas Web y Distribuidos\Laboratorio\Entrega#3\apigerman\target\classes started by Usuario in D:\Neo-Data\Rrom-Botto\E-studio\Uni\Neo-TESTING\Semestre 7\Sistemas Web y Distribuidos\Laboratorio\Entrega#3\apigerman)
2025-11-15 21:55:31 DEBUG [restartedMain] c.e.apigerman.ApigermanApplication - Running with Spring Boot v3.5.7, Spring v6.2.12
2025-11-15 21:55:31 INFO  [restartedMain] c.e.apigerman.ApigermanApplication - No active profile set, falling back to 1 default profile: "default"
2025-11-15 21:55:31 INFO  [restartedMain] o.s.b.d.e.DevToolsPropertyDefaultsPostProcessor - Devtools property defaults active! Set 'spring.devtools.add-properties' to 'false' to disable
2025-11-15 21:55:31 INFO  [restartedMain] o.s.b.d.e.DevToolsPropertyDefaultsPostProcessor - For additional web related logging consider setting the 'logging.level.web' property to 'DEBUG'
2025-11-15 21:55:33 INFO  [restartedMain] o.s.d.r.c.RepositoryConfigurationDelegate - Bootstrapping Spring Data JPA repositories in DEFAULT mode.
2025-11-15 21:55:33 INFO  [restartedMain] o.s.d.r.c.RepositoryConfigurationDelegate - Finished Spring Data repository scanning in 148 ms. Found 12 JPA repository interfaces.
2025-11-15 21:55:34 INFO  [restartedMain] o.s.b.w.e.tomcat.TomcatWebServer - Tomcat initialized with port 8080 (http)
2025-11-15 21:55:34 INFO  [restartedMain] o.a.coyote.http11.Http11NioProtocol - Initializing ProtocolHandler ["http-nio-8080"]
2025-11-15 21:55:34 INFO  [restartedMain] o.a.catalina.core.StandardService - Starting service [Tomcat]
2025-11-15 21:55:34 INFO  [restartedMain] o.a.catalina.core.StandardEngine - Starting Servlet engine: [Apache Tomcat/10.1.48]
2025-11-15 21:55:34 INFO  [restartedMain] o.a.c.c.C.[Tomcat].[localhost].[/] - Initializing Spring embedded WebApplicationContext
2025-11-15 21:55:34 INFO  [restartedMain] o.s.b.w.s.c.ServletWebServerApplicationContext - Root WebApplicationContext: initialization completed in 3316 ms
2025-11-15 21:55:34 INFO  [restartedMain] com.zaxxer.hikari.HikariDataSource - HikariPool-1 - Starting...
2025-11-15 21:55:37 INFO  [restartedMain] com.zaxxer.hikari.pool.HikariPool - HikariPool-1 - Added connection org.postgresql.jdbc.PgConnection@37e9cba9
2025-11-15 21:55:37 INFO  [restartedMain] com.zaxxer.hikari.HikariDataSource - HikariPool-1 - Start completed.
2025-11-15 21:55:37 INFO  [restartedMain] o.h.jpa.internal.util.LogHelper - HHH000204: Processing PersistenceUnitInfo [name: default]
2025-11-15 21:55:38 INFO  [restartedMain] org.hibernate.Version - HHH000412: Hibernate ORM core version 6.6.33.Final
2025-11-15 21:55:38 INFO  [restartedMain] o.h.c.i.RegionFactoryInitiator - HHH000026: Second-level cache disabled
2025-11-15 21:55:38 INFO  [restartedMain] o.s.o.j.p.SpringPersistenceUnitInfo - No LoadTimeWeaver setup: ignoring JPA class transformer
2025-11-15 21:55:39 INFO  [restartedMain] o.hibernate.orm.connections.pooling - HHH10001005: Database info:
	Database JDBC URL [Connecting through datasource 'HikariDataSource (HikariPool-1)']
	Database driver: undefined/unknown
	Database version: 17.6
	Autocommit mode: undefined/unknown
	Isolation level: undefined/unknown
	Minimum pool size: undefined/unknown
	Maximum pool size: undefined/unknown
2025-11-15 21:55:42 INFO  [restartedMain] o.h.e.t.j.p.i.JtaPlatformInitiator - HHH000489: No JTA platform available (set 'hibernate.transaction.jta.platform' to enable JTA platform integration)
2025-11-15 21:55:42 INFO  [restartedMain] o.s.o.j.LocalContainerEntityManagerFactoryBean - Initialized JPA EntityManagerFactory for persistence unit 'default'
2025-11-15 21:55:43 WARN  [restartedMain] o.s.b.a.o.j.JpaBaseConfiguration$JpaWebConfiguration - spring.jpa.open-in-view is enabled by default. Therefore, database queries may be performed during view rendering. Explicitly configure spring.jpa.open-in-view to disable this warning
2025-11-15 21:55:43 INFO  [restartedMain] o.s.v.b.OptionalValidatorFactoryBean - Failed to set up a Bean Validation provider: jakarta.validation.NoProviderFoundException: Unable to create a Configuration, because no Jakarta Bean Validation provider could be found. Add a provider like Hibernate Validator (RI) to your classpath.
2025-11-15 21:55:44 INFO  [restartedMain] o.s.b.d.a.OptionalLiveReloadServer - LiveReload server is running on port 35729
2025-11-15 21:55:44 INFO  [restartedMain] o.a.coyote.http11.Http11NioProtocol - Starting ProtocolHandler ["http-nio-8080"]
2025-11-15 21:55:44 INFO  [restartedMain] o.s.b.w.e.tomcat.TomcatWebServer - Tomcat started on port 8080 (http) with context path '/'
2025-11-15 21:55:44 INFO  [restartedMain] c.e.apigerman.ApigermanApplication - Started ApigermanApplication in 14.89 seconds (process running for 16.075)
2025-11-15 21:56:02 INFO  [File Watcher] o.s.b.d.a.LocalDevToolsAutoConfiguration$RestartingClassPathChangeChangedEventListener - Restarting due to 1 class path change (1 addition, 0 deletions, 0 modifications)
2025-11-15 21:56:02 INFO  [Thread-5] o.s.b.w.e.tomcat.GracefulShutdown - Commencing graceful shutdown. Waiting for active requests to complete
2025-11-15 21:56:02 INFO  [tomcat-shutdown] o.a.coyote.http11.Http11NioProtocol - Pausing ProtocolHandler ["http-nio-8080"]
2025-11-15 21:56:02 INFO  [tomcat-shutdown] o.s.b.w.e.tomcat.GracefulShutdown - Graceful shutdown complete
2025-11-15 21:56:02 INFO  [Thread-5] o.a.coyote.http11.Http11NioProtocol - Stopping ProtocolHandler ["http-nio-8080"]
2025-11-15 21:56:02 INFO  [Thread-5] o.s.o.j.LocalContainerEntityManagerFactoryBean - Closing JPA EntityManagerFactory for persistence unit 'default'
2025-11-15 21:56:02 INFO  [Thread-5] com.zaxxer.hikari.HikariDataSource - HikariPool-1 - Shutdown initiated...
2025-11-15 21:56:04 INFO  [Thread-5] com.zaxxer.hikari.HikariDataSource - HikariPool-1 - Shutdown completed.
2025-11-15 21:56:05 INFO  [restartedMain] c.e.apigerman.ApigermanApplication - Starting ApigermanApplication using Java 17.0.12 with PID 11804 (D:\Neo-Data\Rrom-Botto\E-studio\Uni\Neo-TESTING\Semestre 7\Sistemas Web y Distribuidos\Laboratorio\Entrega#3\apigerman\target\classes started by Usuario in D:\Neo-Data\Rrom-Botto\E-studio\Uni\Neo-TESTING\Semestre 7\Sistemas Web y Distribuidos\Laboratorio\Entrega#3\apigerman)
2025-11-15 21:56:05 DEBUG [restartedMain] c.e.apigerman.ApigermanApplication - Running with Spring Boot v3.5.7, Spring v6.2.12
2025-11-15 21:56:05 INFO  [restartedMain] c.e.apigerman.ApigermanApplication - No active profile set, falling back to 1 default profile: "default"
2025-11-15 21:56:05 INFO  [restartedMain] o.s.d.r.c.RepositoryConfigurationDelegate - Bootstrapping Spring Data JPA repositories in DEFAULT mode.
2025-11-15 21:56:05 INFO  [restartedMain] o.s.d.r.c.RepositoryConfigurationDelegate - Finished Spring Data repository scanning in 80 ms. Found 12 JPA repository interfaces.
2025-11-15 21:56:05 INFO  [restartedMain] o.s.b.w.e.tomcat.TomcatWebServer - Tomcat initialized with port 8080 (http)
2025-11-15 21:56:05 INFO  [restartedMain] o.a.coyote.http11.Http11NioProtocol - Initializing ProtocolHandler ["http-nio-8080"]
2025-11-15 21:56:05 INFO  [restartedMain] o.a.catalina.core.StandardService - Starting service [Tomcat]
2025-11-15 21:56:05 INFO  [restartedMain] o.a.catalina.core.StandardEngine - Starting Servlet engine: [Apache Tomcat/10.1.48]
2025-11-15 21:56:05 INFO  [restartedMain] o.a.c.c.C.[Tomcat].[localhost].[/] - Initializing Spring embedded WebApplicationContext
2025-11-15 21:56:05 INFO  [restartedMain] o.s.b.w.s.c.ServletWebServerApplicationContext - Root WebApplicationContext: initialization completed in 847 ms
2025-11-15 21:56:06 INFO  [restartedMain] com.zaxxer.hikari.HikariDataSource - HikariPool-2 - Starting...
2025-11-15 21:56:07 INFO  [restartedMain] com.zaxxer.hikari.pool.HikariPool - HikariPool-2 - Added connection org.postgresql.jdbc.PgConnection@5ab2f2d7
2025-11-15 21:56:07 INFO  [restartedMain] com.zaxxer.hikari.HikariDataSource - HikariPool-2 - Start completed.
2025-11-15 21:56:07 INFO  [restartedMain] o.h.jpa.internal.util.LogHelper - HHH000204: Processing PersistenceUnitInfo [name: default]
2025-11-15 21:56:07 INFO  [restartedMain] o.h.c.i.RegionFactoryInitiator - HHH000026: Second-level cache disabled
2025-11-15 21:56:08 INFO  [restartedMain] o.s.o.j.p.SpringPersistenceUnitInfo - No LoadTimeWeaver setup: ignoring JPA class transformer
2025-11-15 21:56:08 INFO  [restartedMain] o.hibernate.orm.connections.pooling - HHH10001005: Database info:
	Database JDBC URL [Connecting through datasource 'HikariDataSource (HikariPool-2)']
	Database driver: undefined/unknown
	Database version: 17.6
	Autocommit mode: undefined/unknown
	Isolation level: undefined/unknown
	Minimum pool size: undefined/unknown
	Maximum pool size: undefined/unknown
2025-11-15 21:56:09 INFO  [restartedMain] o.h.e.t.j.p.i.JtaPlatformInitiator - HHH000489: No JTA platform available (set 'hibernate.transaction.jta.platform' to enable JTA platform integration)
2025-11-15 21:56:09 INFO  [restartedMain] o.s.o.j.LocalContainerEntityManagerFactoryBean - Initialized JPA EntityManagerFactory for persistence unit 'default'
2025-11-15 21:56:09 WARN  [restartedMain] o.s.b.a.o.j.JpaBaseConfiguration$JpaWebConfiguration - spring.jpa.open-in-view is enabled by default. Therefore, database queries may be performed during view rendering. Explicitly configure spring.jpa.open-in-view to disable this warning
2025-11-15 21:56:09 INFO  [restartedMain] o.s.v.b.OptionalValidatorFactoryBean - Failed to set up a Bean Validation provider: jakarta.validation.NoProviderFoundException: Unable to create a Configuration, because no Jakarta Bean Validation provider could be found. Add a provider like Hibernate Validator (RI) to your classpath.
2025-11-15 21:56:09 INFO  [restartedMain] o.s.b.d.a.OptionalLiveReloadServer - LiveReload server is running on port 35729
2025-11-15 21:56:09 INFO  [restartedMain] o.a.coyote.http11.Http11NioProtocol - Starting ProtocolHandler ["http-nio-8080"]
2025-11-15 21:56:09 INFO  [restartedMain] o.s.b.w.e.tomcat.TomcatWebServer - Tomcat started on port 8080 (http) with context path '/'
2025-11-15 21:56:09 INFO  [restartedMain] c.e.apigerman.ApigermanApplication - Started ApigermanApplication in 5.141 seconds (process running for 41.806)
2025-11-15 21:56:09 INFO  [restartedMain] o.s.b.d.a.ConditionEvaluationDeltaLoggingListener - Condition evaluation unchanged
2025-11-15 21:56:11 INFO  [File Watcher] o.s.b.d.a.LocalDevToolsAutoConfiguration$RestartingClassPathChangeChangedEventListener - Restarting due to 1 class path change (0 additions, 0 deletions, 1 modification)
2025-11-15 21:56:11 INFO  [Thread-7] o.s.b.w.e.tomcat.GracefulShutdown - Commencing graceful shutdown. Waiting for active requests to complete
2025-11-15 21:56:11 INFO  [tomcat-shutdown] o.a.coyote.http11.Http11NioProtocol - Pausing ProtocolHandler ["http-nio-8080"]
2025-11-15 21:56:11 INFO  [tomcat-shutdown] o.s.b.w.e.tomcat.GracefulShutdown - Graceful shutdown complete
2025-11-15 21:56:11 INFO  [Thread-7] o.a.coyote.http11.Http11NioProtocol - Stopping ProtocolHandler ["http-nio-8080"]
2025-11-15 21:56:11 INFO  [Thread-7] o.s.o.j.LocalContainerEntityManagerFactoryBean - Closing JPA EntityManagerFactory for persistence unit 'default'
2025-11-15 21:56:11 INFO  [Thread-7] com.zaxxer.hikari.HikariDataSource - HikariPool-2 - Shutdown initiated...
2025-11-15 21:56:13 INFO  [Thread-7] com.zaxxer.hikari.HikariDataSource - HikariPool-2 - Shutdown completed.
2025-11-15 21:56:13 INFO  [restartedMain] c.e.apigerman.ApigermanApplication - Starting ApigermanApplication using Java 17.0.12 with PID 11804 (D:\Neo-Data\Rrom-Botto\E-studio\Uni\Neo-TESTING\Semestre 7\Sistemas Web y Distribuidos\Laboratorio\Entrega#3\apigerman\target\classes started by Usuario in D:\Neo-Data\Rrom-Botto\E-studio\Uni\Neo-TESTING\Semestre 7\Sistemas Web y Distribuidos\Laboratorio\Entrega#3\apigerman)
2025-11-15 21:56:13 DEBUG [restartedMain] c.e.apigerman.ApigermanApplication - Running with Spring Boot v3.5.7, Spring v6.2.12
2025-11-15 21:56:13 INFO  [restartedMain] c.e.apigerman.ApigermanApplication - No active profile set, falling back to 1 default profile: "default"
2025-11-15 21:56:13 INFO  [restartedMain] o.s.d.r.c.RepositoryConfigurationDelegate - Bootstrapping Spring Data JPA repositories in DEFAULT mode.
2025-11-15 21:56:13 INFO  [restartedMain] o.s.d.r.c.RepositoryConfigurationDelegate - Finished Spring Data repository scanning in 58 ms. Found 12 JPA repository interfaces.
2025-11-15 21:56:14 INFO  [restartedMain] o.s.b.w.e.tomcat.TomcatWebServer - Tomcat initialized with port 8080 (http)
2025-11-15 21:56:14 INFO  [restartedMain] o.a.coyote.http11.Http11NioProtocol - Initializing ProtocolHandler ["http-nio-8080"]
2025-11-15 21:56:14 INFO  [restartedMain] o.a.catalina.core.StandardService - Starting service [Tomcat]
2025-11-15 21:56:14 INFO  [restartedMain] o.a.catalina.core.StandardEngine - Starting Servlet engine: [Apache Tomcat/10.1.48]
2025-11-15 21:56:14 INFO  [restartedMain] o.a.c.c.C.[Tomcat].[localhost].[/] - Initializing Spring embedded WebApplicationContext
2025-11-15 21:56:14 INFO  [restartedMain] o.s.b.w.s.c.ServletWebServerApplicationContext - Root WebApplicationContext: initialization completed in 725 ms
2025-11-15 21:56:14 INFO  [restartedMain] com.zaxxer.hikari.HikariDataSource - HikariPool-3 - Starting...
2025-11-15 21:56:16 INFO  [restartedMain] com.zaxxer.hikari.pool.HikariPool - HikariPool-3 - Added connection org.postgresql.jdbc.PgConnection@71418327
2025-11-15 21:56:16 INFO  [restartedMain] com.zaxxer.hikari.HikariDataSource - HikariPool-3 - Start completed.
2025-11-15 21:56:16 INFO  [restartedMain] o.h.jpa.internal.util.LogHelper - HHH000204: Processing PersistenceUnitInfo [name: default]
2025-11-15 21:56:16 INFO  [restartedMain] o.h.c.i.RegionFactoryInitiator - HHH000026: Second-level cache disabled
2025-11-15 21:56:16 INFO  [restartedMain] o.s.o.j.p.SpringPersistenceUnitInfo - No LoadTimeWeaver setup: ignoring JPA class transformer
2025-11-15 21:56:17 INFO  [restartedMain] o.hibernate.orm.connections.pooling - HHH10001005: Database info:
	Database JDBC URL [Connecting through datasource 'HikariDataSource (HikariPool-3)']
	Database driver: undefined/unknown
	Database version: 17.6
	Autocommit mode: undefined/unknown
	Isolation level: undefined/unknown
	Minimum pool size: undefined/unknown
	Maximum pool size: undefined/unknown
2025-11-15 21:56:17 INFO  [restartedMain] o.h.e.t.j.p.i.JtaPlatformInitiator - HHH000489: No JTA platform available (set 'hibernate.transaction.jta.platform' to enable JTA platform integration)
2025-11-15 21:56:17 INFO  [restartedMain] o.s.o.j.LocalContainerEntityManagerFactoryBean - Initialized JPA EntityManagerFactory for persistence unit 'default'
2025-11-15 21:56:17 WARN  [restartedMain] o.s.b.a.o.j.JpaBaseConfiguration$JpaWebConfiguration - spring.jpa.open-in-view is enabled by default. Therefore, database queries may be performed during view rendering. Explicitly configure spring.jpa.open-in-view to disable this warning
2025-11-15 21:56:17 INFO  [restartedMain] o.s.v.b.OptionalValidatorFactoryBean - Failed to set up a Bean Validation provider: jakarta.validation.NoProviderFoundException: Unable to create a Configuration, because no Jakarta Bean Validation provider could be found. Add a provider like Hibernate Validator (RI) to your classpath.
2025-11-15 21:56:17 INFO  [restartedMain] o.s.b.d.a.OptionalLiveReloadServer - LiveReload server is running on port 35729
2025-11-15 21:56:17 INFO  [restartedMain] o.a.coyote.http11.Http11NioProtocol - Starting ProtocolHandler ["http-nio-8080"]
2025-11-15 21:56:17 INFO  [restartedMain] o.s.b.w.e.tomcat.TomcatWebServer - Tomcat started on port 8080 (http) with context path '/'
2025-11-15 21:56:17 INFO  [restartedMain] c.e.apigerman.ApigermanApplication - Started ApigermanApplication in 4.31 seconds (process running for 49.622)
2025-11-15 21:56:17 INFO  [restartedMain] o.s.b.d.a.ConditionEvaluationDeltaLoggingListener - Condition evaluation unchanged
2025-11-15 21:56:18 INFO  [http-nio-8080-exec-1] o.a.c.c.C.[Tomcat].[localhost].[/] - Initializing Spring DispatcherServlet 'dispatcherServlet'
2025-11-15 21:56:18 INFO  [http-nio-8080-exec-1] o.s.web.servlet.DispatcherServlet - Initializing Servlet 'dispatcherServlet'
2025-11-15 21:56:18 INFO  [http-nio-8080-exec-1] o.s.web.servlet.DispatcherServlet - Completed initialization in 0 ms
2025-11-15 21:56:19 INFO  [http-nio-8080-exec-1] o.s.api.AbstractOpenApiResource - Init duration for springdoc-openapi is: 1090 ms
2025-11-15 21:56:37 ERROR [http-nio-8080-exec-9] o.a.c.c.C.[.[.[.[dispatcherServlet] - Servlet.service() for servlet [dispatcherServlet] in context with path [] threw exception [Request processing failed: java.lang.RuntimeException: Error 500 provocado a propósito para demostrar manejo de excepciones.] with root cause
java.lang.RuntimeException: Error 500 provocado a propósito para demostrar manejo de excepciones.
	at com.example.apigerman.controller.DemoErrorController.forceError(DemoErrorController.java:13)
	at java.base/jdk.internal.reflect.NativeMethodAccessorImpl.invoke0(Native Method)
	at java.base/jdk.internal.reflect.NativeMethodAccessorImpl.invoke(NativeMethodAccessorImpl.java:77)
	at java.base/jdk.internal.reflect.DelegatingMethodAccessorImpl.invoke(DelegatingMethodAccessorImpl.java:43)
	at java.base/java.lang.reflect.Method.invoke(Method.java:568)
	at org.springframework.web.method.support.InvocableHandlerMethod.doInvoke(InvocableHandlerMethod.java:258)
	at org.springframework.web.method.support.InvocableHandlerMethod.invokeForRequest(InvocableHandlerMethod.java:191)
	at org.springframework.web.servlet.mvc.method.annotation.ServletInvocableHandlerMethod.invokeAndHandle(ServletInvocableHandlerMethod.java:118)
	at org.springframework.web.servlet.mvc.method.annotation.RequestMappingHandlerAdapter.invokeHandlerMethod(RequestMappingHandlerAdapter.java:991)
	at org.springframework.web.servlet.mvc.method.annotation.RequestMappingHandlerAdapter.handleInternal(RequestMappingHandlerAdapter.java:896)
	at org.springframework.web.servlet.mvc.method.AbstractHandlerMethodAdapter.handle(AbstractHandlerMethodAdapter.java:87)
	at org.springframework.web.servlet.DispatcherServlet.doDispatch(DispatcherServlet.java:1089)
	at org.springframework.web.servlet.DispatcherServlet.doService(DispatcherServlet.java:979)
	at org.springframework.web.servlet.FrameworkServlet.processRequest(FrameworkServlet.java:1014)
	at org.springframework.web.servlet.FrameworkServlet.doGet(FrameworkServlet.java:903)
	at jakarta.servlet.http.HttpServlet.service(HttpServlet.java:564)
	at org.springframework.web.servlet.FrameworkServlet.service(FrameworkServlet.java:885)
	at jakarta.servlet.http.HttpServlet.service(HttpServlet.java:658)
	at org.apache.catalina.core.ApplicationFilterChain.internalDoFilter(ApplicationFilterChain.java:193)
	at org.apache.catalina.core.ApplicationFilterChain.doFilter(ApplicationFilterChain.java:138)
	at org.apache.tomcat.websocket.server.WsFilter.doFilter(WsFilter.java:51)
	at org.apache.catalina.core.ApplicationFilterChain.internalDoFilter(ApplicationFilterChain.java:162)
	at org.apache.catalina.core.ApplicationFilterChain.doFilter(ApplicationFilterChain.java:138)
	at org.springframework.web.filter.RequestContextFilter.doFilterInternal(RequestContextFilter.java:100)
	at org.springframework.web.filter.OncePerRequestFilter.doFilter(OncePerRequestFilter.java:116)
	at org.apache.catalina.core.ApplicationFilterChain.internalDoFilter(ApplicationFilterChain.java:162)
	at org.apache.catalina.core.ApplicationFilterChain.doFilter(ApplicationFilterChain.java:138)
	at org.springframework.web.filter.FormContentFilter.doFilterInternal(FormContentFilter.java:93)
	at org.springframework.web.filter.OncePerRequestFilter.doFilter(OncePerRequestFilter.java:116)
	at org.apache.catalina.core.ApplicationFilterChain.internalDoFilter(ApplicationFilterChain.java:162)
	at org.apache.catalina.core.ApplicationFilterChain.doFilter(ApplicationFilterChain.java:138)
	at org.springframework.web.filter.CharacterEncodingFilter.doFilterInternal(CharacterEncodingFilter.java:201)
	at org.springframework.web.filter.OncePerRequestFilter.doFilter(OncePerRequestFilter.java:116)
	at org.apache.catalina.core.ApplicationFilterChain.internalDoFilter(ApplicationFilterChain.java:162)
	at org.apache.catalina.core.ApplicationFilterChain.doFilter(ApplicationFilterChain.java:138)
	at org.apache.catalina.core.StandardWrapperValve.invoke(StandardWrapperValve.java:165)
	at org.apache.catalina.core.StandardContextValve.invoke(StandardContextValve.java:88)
	at org.apache.catalina.authenticator.AuthenticatorBase.invoke(AuthenticatorBase.java:482)
	at org.apache.catalina.core.StandardHostValve.invoke(StandardHostValve.java:113)
	at org.apache.catalina.valves.ErrorReportValve.invoke(ErrorReportValve.java:83)
	at org.apache.catalina.core.StandardEngineValve.invoke(StandardEngineValve.java:72)
	at org.apache.catalina.connector.CoyoteAdapter.service(CoyoteAdapter.java:342)
	at org.apache.coyote.http11.Http11Processor.service(Http11Processor.java:399)
	at org.apache.coyote.AbstractProcessorLight.process(AbstractProcessorLight.java:63)
	at org.apache.coyote.AbstractProtocol$ConnectionHandler.process(AbstractProtocol.java:903)
	at org.apache.tomcat.util.net.NioEndpoint$SocketProcessor.doRun(NioEndpoint.java:1774)
	at org.apache.tomcat.util.net.SocketProcessorBase.run(SocketProcessorBase.java:52)
	at org.apache.tomcat.util.threads.ThreadPoolExecutor.runWorker(ThreadPoolExecutor.java:973)
	at org.apache.tomcat.util.threads.ThreadPoolExecutor$Worker.run(ThreadPoolExecutor.java:491)
	at org.apache.tomcat.util.threads.TaskThread$WrappingRunnable.run(TaskThread.java:63)
	at java.base/java.lang.Thread.run(Thread.java:842)
